    INFO      dbmgr-1 1001 400001  [2025-09-02 12:08:08 430] - -----------------------------------------------------------------------------------------


    INFO      dbmgr-1 1001 400001  [2025-09-02 12:08:08 438] - Resmgr::initialize: KBE_ROOT=/mnt/hgfs/game/Server/kbeLinux/kbengine/
    INFO      dbmgr-1 1001 400001  [2025-09-02 12:08:08 438] - Resmgr::initialize: KBE_RES_PATH=/mnt/hgfs/game/Server/kbeLinux/kbengine/kbe/res/:/mnt/hgfs/game/Server/kbeLinux/kbengine/assets/:/mnt/hgfs/game/Server/kbeLinux/kbengine/assets/res/:/mnt/hgfs/game/Server/kbeLinux/kbengine/assets/scripts/
    INFO      dbmgr-1 1001 400001  [2025-09-02 12:08:08 438] - Resmgr::initialize: KBE_BIN_PATH=/mnt/hgfs/game/Server/kbeLinux/kbengine/kbe/bin/server/
    INFO      dbmgr-1 1001 400001  [2025-09-02 12:08:08 440] - NetworkInterface::initialize(INTERNAL-TCP): bound to all interfaces with default route interface on 192.168.10.127 ( 192.168.10.127:49301 )
 WARNING      dbmgr-1 1001 400001  [2025-09-02 12:08:08 440] - NetworkInterface::initialize(INTERNAL-TCP): Operating with a receive buffer of only 425984 bytes (instead of 16777216)
 WARNING      dbmgr-1 1001 400001  [2025-09-02 12:08:08 440] - NetworkInterface::initialize(INTERNAL-TCP): Operating with a send buffer of only 425984 bytes (instead of 16777216)
    INFO      dbmgr-1 1001 400001  [2025-09-02 12:08:08 441] - NetworkInterface::initialize(INTERNAL-TCP): address 192.168.10.127:49301, SOMAXCONN=511, rBufSize=425984, wBufSize=425984, this=[0x7ffe7444e770.
    INFO      dbmgr-1 1001 400001  [2025-09-02 12:08:08 441] - server-configs:
    INFO      dbmgr-1 1001 400001  [2025-09-02 12:08:08 442] - 	internalTcpAddr : 192.168.10.127:49301
    INFO      dbmgr-1 1001 400001  [2025-09-02 12:08:08 442] - 	componentID : 400001
    INFO      dbmgr-1 1001 400001  [2025-09-02 12:08:09 944] - ThreadPool::createThreadPool: creating  threadpool...
    INFO      dbmgr-1 1001 400001  [2025-09-02 12:08:09 945] - ThreadPool::createThreadPool: successfully(2), newThreadCount=1, normalMaxThreadCount=2, maxThreadCount=8
   DEBUG      dbmgr-1 1001 400001  [2025-09-02 12:08:10 072] - Script::install(): paths=/mnt/hgfs/game/Server/kbeLinux/kbengine/assets/scripts/common:/mnt/hgfs/game/Server/kbeLinux/kbengine/assets/scripts/common/Lib:/mnt/hgfs/game/Server/kbeLinux/kbengine/assets/scripts/data:/mnt/hgfs/game/Server/kbeLinux/kbengine/assets/scripts/user_type:/mnt/hgfs/game/Server/kbeLinux/kbengine/assets/scripts/server_common:/mnt/hgfs/game/Server/kbeLinux/kbengine/assets/scripts/db:/mnt/hgfs/game/Server/kbeLinux/kbengine/kbe/res/scripts:/mnt/hgfs/game/Server/kbeLinux/kbengine/kbe/res/scripts/common:/mnt/hgfs/game/Server/kbeLinux/kbengine/kbe/res/scripts/common/lib-dynload:/mnt/hgfs/game/Server/kbeLinux/kbengine/kbe/res/scripts/common/DLLs:/mnt/hgfs/game/Server/kbeLinux/kbengine/kbe/res/scripts/common/Lib:/mnt/hgfs/game/Server/kbeLinux/kbengine/kbe/res/scripts/common/Lib/site-packages:/mnt/hgfs/game/Server/kbeLinux/kbengine/kbe/res/scripts/common/Lib/dist-packages.
    INFO      dbmgr-1 1001 400001  [2025-09-02 12:08:11 141] - Script::install(): is successfully, Python=(3.7.3 (default, Mar 21 2025, 15:25:47) 
[GCC 13.3.0])!
    INFO      dbmgr-1 1001 400001  [2025-09-02 12:08:11 142] - Script::install(): KBExtra is successfully!
    INFO      dbmgr-1 1001 400001  [2025-09-02 12:08:12 695] - Dbmgr::initializeEnd: digest(310F1B4E74384410B1CA6549E7DB2DA3)
  S_INFO      dbmgr-1 1001 400001  [2025-09-02 12:08:12 697] - onDBMgrReady: bootstrapGroupIndex=0, bootstrapGlobalIndex=0
    INFO      dbmgr-1 1001 400001  [2025-09-02 12:08:12 699] - TelnetServer server is running on port 32000
 WARNING      dbmgr-1 1001 400001  [2025-09-02 12:08:12 701] - DBUtil::initialize: db(default) password is not encrypted!
please use password(rsa):
B3E6EFF2B10A672EF7BC45E0FB32597AF03F880E77DBEA06025B77200BA17BA7CD1C0837333328754E0A4CCDAA3724EAD64760CA1BDDF7EEC39DBC63F0A519A5C29AD2147D52D3A1D3C66CB38298663EF7AA33FDE34E484A9B83C061A89C49C9D940A5A8DC26B2E4753DB7531132E0530CBA97E4345F13660F22A3C7D75A57F1
   DEBUG      dbmgr-1 1001 400001  [2025-09-02 12:08:12 761] - DBInterfaceMysql::attach: connect: 127.0.0.1:3306 starting...
   DEBUG      dbmgr-1 1001 400001  [2025-09-02 12:08:12 769] - DBInterfaceMysql::attach: successfully! addr: 127.0.0.1:3306
    INFO      dbmgr-1 1001 400001  [2025-09-02 12:08:12 769] - DBUtil::createInterface[0x7ffe7444d9f8]: interface=default, dbtype=mysql, ip=127.0.0.1, port=3306, currdatabase=game_trunk, username=fengyan, connected=yes.

    INFO      dbmgr-1 1001 400001  [2025-09-02 12:08:12 769] - ThreadPool::createThreadPool: creating  threadpool...
    INFO      dbmgr-1 1001 400001  [2025-09-02 12:08:12 780] - ThreadPool::createThreadPool: successfully(5), newThreadCount=5, normalMaxThreadCount=5, maxThreadCount=5
    INFO      dbmgr-1 1001 400001  [2025-09-02 12:08:12 976] - DBInterfaceMysql::query: successfully!
 WARNING      dbmgr-1 1001 400001  [2025-09-02 12:08:12 977] - ThreadPool::addTask: can't createthread, the poolsize is full(5).
 WARNING      dbmgr-1 1001 400001  [2025-09-02 12:08:12 978] - ThreadPool::addTask: can't createthread, the poolsize is full(5).
 WARNING      dbmgr-1 1001 400001  [2025-09-02 12:08:12 982] - ThreadPool::addTask: can't createthread, the poolsize is full(5).
 WARNING      dbmgr-1 1001 400001  [2025-09-02 12:08:12 982] - ThreadPool::addTask: can't createthread, the poolsize is full(5).
 WARNING      dbmgr-1 1001 400001  [2025-09-02 12:08:12 984] - ThreadPool::addTask: can't createthread, the poolsize is full(5).
 WARNING      dbmgr-1 1001 400001  [2025-09-02 12:08:12 985] - ThreadPool::addTask: can't createthread, the poolsize is full(5).
 WARNING      dbmgr-1 1001 400001  [2025-09-02 12:08:12 986] - ThreadPool::addTask: can't createthread, the poolsize is full(5).
 WARNING      dbmgr-1 1001 400001  [2025-09-02 12:08:12 990] - ThreadPool::addTask: can't createthread, the poolsize is full(5).
 WARNING      dbmgr-1 1001 400001  [2025-09-02 12:08:12 991] - ThreadPool::addTask: can't createthread, the poolsize is full(5).
 WARNING      dbmgr-1 1001 400001  [2025-09-02 12:08:13 000] - ThreadPool::addTask: can't createthread, the poolsize is full(5).
 WARNING      dbmgr-1 1001 400001  [2025-09-02 12:08:13 001] - ThreadPool::addTask: can't createthread, the poolsize is full(5).
 WARNING      dbmgr-1 1001 400001  [2025-09-02 12:08:13 002] - ThreadPool::addTask: can't createthread, the poolsize is full(5).
 WARNING      dbmgr-1 1001 400001  [2025-09-02 12:08:13 003] - ThreadPool::addTask: can't createthread, the poolsize is full(5).
 WARNING      dbmgr-1 1001 400001  [2025-09-02 12:08:13 004] - ThreadPool::addTask: can't createthread, the poolsize is full(5).
 WARNING      dbmgr-1 1001 400001  [2025-09-02 12:08:13 005] - ThreadPool::addTask: can't createthread, the poolsize is full(5).
 WARNING      dbmgr-1 1001 400001  [2025-09-02 12:08:13 005] - ThreadPool::addTask: can't createthread, the poolsize is full(5).
 WARNING      dbmgr-1 1001 400001  [2025-09-02 12:08:13 009] - ThreadPool::addTask: can't createthread, the poolsize is full(5).
 WARNING      dbmgr-1 1001 400001  [2025-09-02 12:08:13 009] - ThreadPool::addTask: can't createthread, the poolsize is full(5).
 WARNING      dbmgr-1 1001 400001  [2025-09-02 12:08:13 010] - ThreadPool::addTask: can't createthread, the poolsize is full(5).
 WARNING      dbmgr-1 1001 400001  [2025-09-02 12:08:13 010] - ThreadPool::addTask: can't createthread, the poolsize is full(5).
 WARNING      dbmgr-1 1001 400001  [2025-09-02 12:08:13 011] - ThreadPool::addTask: can't createthread, the poolsize is full(5).
 WARNING      dbmgr-1 1001 400001  [2025-09-02 12:08:13 011] - ThreadPool::addTask: can't createthread, the poolsize is full(5).
 WARNING      dbmgr-1 1001 400001  [2025-09-02 12:08:13 015] - ThreadPool::addTask: can't createthread, the poolsize is full(5).
 WARNING      dbmgr-1 1001 400001  [2025-09-02 12:08:13 032] - ThreadPool::addTask: can't createthread, the poolsize is full(5).
 WARNING      dbmgr-1 1001 400001  [2025-09-02 12:08:13 034] - ThreadPool::addTask: can't createthread, the poolsize is full(5).
 WARNING      dbmgr-1 1001 400001  [2025-09-02 12:08:13 034] - ThreadPool::addTask: can't createthread, the poolsize is full(5).
 WARNING      dbmgr-1 1001 400001  [2025-09-02 12:08:13 035] - ThreadPool::addTask: can't createthread, the poolsize is full(5).
 WARNING      dbmgr-1 1001 400001  [2025-09-02 12:08:13 036] - ThreadPool::addTask: can't createthread, the poolsize is full(5).
 WARNING      dbmgr-1 1001 400001  [2025-09-02 12:08:13 036] - ThreadPool::addTask: can't createthread, the poolsize is full(5).
 WARNING      dbmgr-1 1001 400001  [2025-09-02 12:08:13 038] - ThreadPool::addTask: can't createthread, the poolsize is full(5).
 WARNING      dbmgr-1 1001 400001  [2025-09-02 12:08:13 044] - ThreadPool::addTask: can't createthread, the poolsize is full(5).
 WARNING      dbmgr-1 1001 400001  [2025-09-02 12:08:13 045] - ThreadPool::addTask: can't createthread, the poolsize is full(5).
 WARNING      dbmgr-1 1001 400001  [2025-09-02 12:08:13 045] - ThreadPool::addTask: can't createthread, the poolsize is full(5).
 WARNING      dbmgr-1 1001 400001  [2025-09-02 12:08:13 045] - ThreadPool::addTask: can't createthread, the poolsize is full(5).
 WARNING      dbmgr-1 1001 400001  [2025-09-02 12:08:13 046] - ThreadPool::addTask: can't createthread, the poolsize is full(5).
 WARNING      dbmgr-1 1001 400001  [2025-09-02 12:08:13 047] - ThreadPool::addTask: can't createthread, the poolsize is full(5).
 WARNING      dbmgr-1 1001 400001  [2025-09-02 12:08:13 048] - ThreadPool::addTask: can't createthread, the poolsize is full(5).
 WARNING      dbmgr-1 1001 400001  [2025-09-02 12:08:13 048] - ThreadPool::addTask: can't createthread, the poolsize is full(5).
 WARNING      dbmgr-1 1001 400001  [2025-09-02 12:08:13 049] - ThreadPool::addTask: can't createthread, the poolsize is full(5).
 WARNING      dbmgr-1 1001 400001  [2025-09-02 12:08:13 056] - ThreadPool::addTask: can't createthread, the poolsize is full(5).
 WARNING      dbmgr-1 1001 400001  [2025-09-02 12:08:13 056] - ThreadPool::addTask: can't createthread, the poolsize is full(5).
 WARNING      dbmgr-1 1001 400001  [2025-09-02 12:08:13 058] - ThreadPool::addTask: can't createthread, the poolsize is full(5).
 WARNING      dbmgr-1 1001 400001  [2025-09-02 12:08:13 059] - ThreadPool::addTask: can't createthread, the poolsize is full(5).
 WARNING      dbmgr-1 1001 400001  [2025-09-02 12:08:13 059] - ThreadPool::addTask: can't createthread, the poolsize is full(5).
 WARNING      dbmgr-1 1001 400001  [2025-09-02 12:08:13 060] - ThreadPool::addTask: can't createthread, the poolsize is full(5).
 WARNING      dbmgr-1 1001 400001  [2025-09-02 12:08:13 060] - ThreadPool::addTask: can't createthread, the poolsize is full(5).
 WARNING      dbmgr-1 1001 400001  [2025-09-02 12:08:13 065] - ThreadPool::addTask: can't createthread, the poolsize is full(5).
 WARNING      dbmgr-1 1001 400001  [2025-09-02 12:08:13 066] - ThreadPool::addTask: can't createthread, the poolsize is full(5).
 WARNING      dbmgr-1 1001 400001  [2025-09-02 12:08:13 067] - ThreadPool::bufferTask: task buffered(33)!
 WARNING      dbmgr-1 1001 400001  [2025-09-02 12:08:13 067] - ThreadPool::addTask: can't createthread, the poolsize is full(5).
 WARNING      dbmgr-1 1001 400001  [2025-09-02 12:08:13 070] - ThreadPool::bufferTask: task buffered(34)!
 WARNING      dbmgr-1 1001 400001  [2025-09-02 12:08:13 071] - ThreadPool::addTask: can't createthread, the poolsize is full(5).
 WARNING      dbmgr-1 1001 400001  [2025-09-02 12:08:13 071] - ThreadPool::bufferTask: task buffered(35)!
 WARNING      dbmgr-1 1001 400001  [2025-09-02 12:08:13 071] - ThreadPool::addTask: can't createthread, the poolsize is full(5).
 WARNING      dbmgr-1 1001 400001  [2025-09-02 12:08:13 073] - ThreadPool::bufferTask: task buffered(36)!
 WARNING      dbmgr-1 1001 400001  [2025-09-02 12:08:13 074] - ThreadPool::addTask: can't createthread, the poolsize is full(5).
 WARNING      dbmgr-1 1001 400001  [2025-09-02 12:08:13 074] - ThreadPool::bufferTask: task buffered(37)!
 WARNING      dbmgr-1 1001 400001  [2025-09-02 12:08:13 075] - ThreadPool::addTask: can't createthread, the poolsize is full(5).
 WARNING      dbmgr-1 1001 400001  [2025-09-02 12:08:13 077] - ThreadPool::bufferTask: task buffered(38)!
 WARNING      dbmgr-1 1001 400001  [2025-09-02 12:08:13 078] - ThreadPool::addTask: can't createthread, the poolsize is full(5).
 WARNING      dbmgr-1 1001 400001  [2025-09-02 12:08:13 079] - ThreadPool::bufferTask: task buffered(39)!
 WARNING      dbmgr-1 1001 400001  [2025-09-02 12:08:13 079] - ThreadPool::addTask: can't createthread, the poolsize is full(5).
 WARNING      dbmgr-1 1001 400001  [2025-09-02 12:08:13 080] - ThreadPool::bufferTask: task buffered(40)!
 WARNING      dbmgr-1 1001 400001  [2025-09-02 12:08:13 080] - ThreadPool::addTask: can't createthread, the poolsize is full(5).
 WARNING      dbmgr-1 1001 400001  [2025-09-02 12:08:13 081] - ThreadPool::bufferTask: task buffered(41)!
 WARNING      dbmgr-1 1001 400001  [2025-09-02 12:08:13 081] - ThreadPool::addTask: can't createthread, the poolsize is full(5).
 WARNING      dbmgr-1 1001 400001  [2025-09-02 12:08:13 082] - ThreadPool::bufferTask: task buffered(42)!
 WARNING      dbmgr-1 1001 400001  [2025-09-02 12:08:13 083] - ThreadPool::addTask: can't createthread, the poolsize is full(5).
 WARNING      dbmgr-1 1001 400001  [2025-09-02 12:08:13 085] - ThreadPool::bufferTask: task buffered(43)!
 WARNING      dbmgr-1 1001 400001  [2025-09-02 12:08:13 091] - ThreadPool::addTask: can't createthread, the poolsize is full(5).
 WARNING      dbmgr-1 1001 400001  [2025-09-02 12:08:13 094] - ThreadPool::bufferTask: task buffered(39)!
 WARNING      dbmgr-1 1001 400001  [2025-09-02 12:08:13 094] - ThreadPool::addTask: can't createthread, the poolsize is full(5).
 WARNING      dbmgr-1 1001 400001  [2025-09-02 12:08:13 095] - ThreadPool::bufferTask: task buffered(40)!
 WARNING      dbmgr-1 1001 400001  [2025-09-02 12:08:13 098] - ThreadPool::addTask: can't createthread, the poolsize is full(5).
 WARNING      dbmgr-1 1001 400001  [2025-09-02 12:08:13 101] - ThreadPool::bufferTask: task buffered(40)!
 WARNING      dbmgr-1 1001 400001  [2025-09-02 12:08:13 102] - ThreadPool::addTask: can't createthread, the poolsize is full(5).
 WARNING      dbmgr-1 1001 400001  [2025-09-02 12:08:13 108] - ThreadPool::bufferTask: task buffered(37)!
 WARNING      dbmgr-1 1001 400001  [2025-09-02 12:08:13 108] - ThreadPool::addTask: can't createthread, the poolsize is full(5).
 WARNING      dbmgr-1 1001 400001  [2025-09-02 12:08:13 109] - ThreadPool::bufferTask: task buffered(38)!
 WARNING      dbmgr-1 1001 400001  [2025-09-02 12:08:13 110] - ThreadPool::addTask: can't createthread, the poolsize is full(5).
 WARNING      dbmgr-1 1001 400001  [2025-09-02 12:08:13 120] - ThreadPool::bufferTask: task buffered(35)!
 WARNING      dbmgr-1 1001 400001  [2025-09-02 12:08:13 120] - ThreadPool::addTask: can't createthread, the poolsize is full(5).
 WARNING      dbmgr-1 1001 400001  [2025-09-02 12:08:13 120] - ThreadPool::bufferTask: task buffered(36)!
 WARNING      dbmgr-1 1001 400001  [2025-09-02 12:08:13 122] - ThreadPool::addTask: can't createthread, the poolsize is full(5).
 WARNING      dbmgr-1 1001 400001  [2025-09-02 12:08:13 126] - ThreadPool::addTask: can't createthread, the poolsize is full(5).
 WARNING      dbmgr-1 1001 400001  [2025-09-02 12:08:13 127] - ThreadPool::addTask: can't createthread, the poolsize is full(5).
 WARNING      dbmgr-1 1001 400001  [2025-09-02 12:08:13 129] - ThreadPool::bufferTask: task buffered(33)!
 WARNING      dbmgr-1 1001 400001  [2025-09-02 12:08:13 129] - ThreadPool::addTask: can't createthread, the poolsize is full(5).
 WARNING      dbmgr-1 1001 400001  [2025-09-02 12:08:13 130] - ThreadPool::bufferTask: task buffered(34)!
 WARNING      dbmgr-1 1001 400001  [2025-09-02 12:08:13 130] - ThreadPool::addTask: can't createthread, the poolsize is full(5).
 WARNING      dbmgr-1 1001 400001  [2025-09-02 12:08:13 131] - ThreadPool::bufferTask: task buffered(35)!
 WARNING      dbmgr-1 1001 400001  [2025-09-02 12:08:13 131] - ThreadPool::addTask: can't createthread, the poolsize is full(5).
 WARNING      dbmgr-1 1001 400001  [2025-09-02 12:08:13 131] - ThreadPool::bufferTask: task buffered(36)!
 WARNING      dbmgr-1 1001 400001  [2025-09-02 12:08:13 132] - ThreadPool::addTask: can't createthread, the poolsize is full(5).
 WARNING      dbmgr-1 1001 400001  [2025-09-02 12:08:13 133] - ThreadPool::bufferTask: task buffered(37)!
 WARNING      dbmgr-1 1001 400001  [2025-09-02 12:08:13 133] - ThreadPool::addTask: can't createthread, the poolsize is full(5).
 WARNING      dbmgr-1 1001 400001  [2025-09-02 12:08:13 134] - ThreadPool::bufferTask: task buffered(38)!
 WARNING      dbmgr-1 1001 400001  [2025-09-02 12:08:13 134] - ThreadPool::addTask: can't createthread, the poolsize is full(5).
 WARNING      dbmgr-1 1001 400001  [2025-09-02 12:08:13 136] - ThreadPool::bufferTask: task buffered(39)!
 WARNING      dbmgr-1 1001 400001  [2025-09-02 12:08:13 137] - ThreadPool::addTask: can't createthread, the poolsize is full(5).
 WARNING      dbmgr-1 1001 400001  [2025-09-02 12:08:13 137] - ThreadPool::bufferTask: task buffered(40)!
 WARNING      dbmgr-1 1001 400001  [2025-09-02 12:08:13 137] - ThreadPool::addTask: can't createthread, the poolsize is full(5).
 WARNING      dbmgr-1 1001 400001  [2025-09-02 12:08:13 139] - ThreadPool::bufferTask: task buffered(41)!
 WARNING      dbmgr-1 1001 400001  [2025-09-02 12:08:13 141] - ThreadPool::addTask: can't createthread, the poolsize is full(5).
 WARNING      dbmgr-1 1001 400001  [2025-09-02 12:08:13 141] - ThreadPool::bufferTask: task buffered(42)!
 WARNING      dbmgr-1 1001 400001  [2025-09-02 12:08:13 142] - ThreadPool::addTask: can't createthread, the poolsize is full(5).
 WARNING      dbmgr-1 1001 400001  [2025-09-02 12:08:13 142] - ThreadPool::bufferTask: task buffered(43)!
 WARNING      dbmgr-1 1001 400001  [2025-09-02 12:08:13 143] - ThreadPool::addTask: can't createthread, the poolsize is full(5).
 WARNING      dbmgr-1 1001 400001  [2025-09-02 12:08:13 143] - ThreadPool::bufferTask: task buffered(44)!
 WARNING      dbmgr-1 1001 400001  [2025-09-02 12:08:13 147] - ThreadPool::addTask: can't createthread, the poolsize is full(5).
 WARNING      dbmgr-1 1001 400001  [2025-09-02 12:08:13 147] - ThreadPool::bufferTask: task buffered(45)!
 WARNING      dbmgr-1 1001 400001  [2025-09-02 12:08:13 148] - ThreadPool::addTask: can't createthread, the poolsize is full(5).
 WARNING      dbmgr-1 1001 400001  [2025-09-02 12:08:13 149] - ThreadPool::bufferTask: task buffered(46)!
 WARNING      dbmgr-1 1001 400001  [2025-09-02 12:08:13 149] - ThreadPool::addTask: can't createthread, the poolsize is full(5).
 WARNING      dbmgr-1 1001 400001  [2025-09-02 12:08:13 149] - ThreadPool::bufferTask: task buffered(47)!
 WARNING      dbmgr-1 1001 400001  [2025-09-02 12:08:13 150] - ThreadPool::addTask: can't createthread, the poolsize is full(5).
 WARNING      dbmgr-1 1001 400001  [2025-09-02 12:08:13 150] - ThreadPool::bufferTask: task buffered(48)!
 WARNING      dbmgr-1 1001 400001  [2025-09-02 12:08:13 151] - ThreadPool::addTask: can't createthread, the poolsize is full(5).
 WARNING      dbmgr-1 1001 400001  [2025-09-02 12:08:13 153] - ThreadPool::bufferTask: task buffered(49)!
 WARNING      dbmgr-1 1001 400001  [2025-09-02 12:08:13 153] - ThreadPool::addTask: can't createthread, the poolsize is full(5).
 WARNING      dbmgr-1 1001 400001  [2025-09-02 12:08:13 154] - ThreadPool::bufferTask: task buffered(50)!
 WARNING      dbmgr-1 1001 400001  [2025-09-02 12:08:13 154] - ThreadPool::addTask: can't createthread, the poolsize is full(5).
 WARNING      dbmgr-1 1001 400001  [2025-09-02 12:08:13 155] - ThreadPool::bufferTask: task buffered(51)!
 WARNING      dbmgr-1 1001 400001  [2025-09-02 12:08:13 156] - ThreadPool::addTask: can't createthread, the poolsize is full(5).
 WARNING      dbmgr-1 1001 400001  [2025-09-02 12:08:13 157] - ThreadPool::bufferTask: task buffered(52)!
 WARNING      dbmgr-1 1001 400001  [2025-09-02 12:08:13 157] - ThreadPool::addTask: can't createthread, the poolsize is full(5).
 WARNING      dbmgr-1 1001 400001  [2025-09-02 12:08:13 158] - ThreadPool::bufferTask: task buffered(53)!
 WARNING      dbmgr-1 1001 400001  [2025-09-02 12:08:13 158] - ThreadPool::addTask: can't createthread, the poolsize is full(5).
 WARNING      dbmgr-1 1001 400001  [2025-09-02 12:08:13 159] - ThreadPool::bufferTask: task buffered(54)!
 WARNING      dbmgr-1 1001 400001  [2025-09-02 12:08:13 163] - ThreadPool::addTask: can't createthread, the poolsize is full(5).
 WARNING      dbmgr-1 1001 400001  [2025-09-02 12:08:13 163] - ThreadPool::bufferTask: task buffered(55)!
 WARNING      dbmgr-1 1001 400001  [2025-09-02 12:08:13 163] - ThreadPool::addTask: can't createthread, the poolsize is full(5).
 WARNING      dbmgr-1 1001 400001  [2025-09-02 12:08:13 164] - ThreadPool::bufferTask: task buffered(56)!
 WARNING      dbmgr-1 1001 400001  [2025-09-02 12:08:13 165] - ThreadPool::addTask: can't createthread, the poolsize is full(5).
 WARNING      dbmgr-1 1001 400001  [2025-09-02 12:08:13 166] - ThreadPool::bufferTask: task buffered(57)!
 WARNING      dbmgr-1 1001 400001  [2025-09-02 12:08:13 170] - ThreadPool::addTask: can't createthread, the poolsize is full(5).
 WARNING      dbmgr-1 1001 400001  [2025-09-02 12:08:13 170] - ThreadPool::bufferTask: task buffered(58)!
 WARNING      dbmgr-1 1001 400001  [2025-09-02 12:08:13 171] - ThreadPool::addTask: can't createthread, the poolsize is full(5).
 WARNING      dbmgr-1 1001 400001  [2025-09-02 12:08:13 172] - ThreadPool::bufferTask: task buffered(59)!
 WARNING      dbmgr-1 1001 400001  [2025-09-02 12:08:13 172] - ThreadPool::addTask: can't createthread, the poolsize is full(5).
 WARNING      dbmgr-1 1001 400001  [2025-09-02 12:08:13 173] - ThreadPool::bufferTask: task buffered(60)!
 WARNING      dbmgr-1 1001 400001  [2025-09-02 12:08:13 179] - ThreadPool::addTask: can't createthread, the poolsize is full(5).
 WARNING      dbmgr-1 1001 400001  [2025-09-02 12:08:13 179] - ThreadPool::bufferTask: task buffered(61)!
 WARNING      dbmgr-1 1001 400001  [2025-09-02 12:08:13 180] - ThreadPool::addTask: can't createthread, the poolsize is full(5).
 WARNING      dbmgr-1 1001 400001  [2025-09-02 12:08:13 180] - ThreadPool::bufferTask: task buffered(62)!
 WARNING      dbmgr-1 1001 400001  [2025-09-02 12:08:13 181] - ThreadPool::addTask: can't createthread, the poolsize is full(5).
 WARNING      dbmgr-1 1001 400001  [2025-09-02 12:08:13 181] - ThreadPool::bufferTask: task buffered(63)!
 WARNING      dbmgr-1 1001 400001  [2025-09-02 12:08:13 182] - ThreadPool::addTask: can't createthread, the poolsize is full(5).
 WARNING      dbmgr-1 1001 400001  [2025-09-02 12:08:13 182] - ThreadPool::bufferTask: task buffered(64)!
 WARNING      dbmgr-1 1001 400001  [2025-09-02 12:08:13 184] - ThreadPool::addTask: can't createthread, the poolsize is full(5).
 WARNING      dbmgr-1 1001 400001  [2025-09-02 12:08:13 185] - ThreadPool::bufferTask: task buffered(65)!
 WARNING      dbmgr-1 1001 400001  [2025-09-02 12:08:13 186] - ThreadPool::addTask: can't createthread, the poolsize is full(5).
 WARNING      dbmgr-1 1001 400001  [2025-09-02 12:08:13 315] - dbmgr.cpp:325: Profile scriptCall, extra:[] took 0.62 seconds
    INFO      dbmgr-1 1001 400001  [2025-09-02 12:08:13 316] - start server app, timing method:rdtsc 3417531307
    INFO      dbmgr-1 1001 400001  [2025-09-02 12:08:13 402] - ---- dbmgr Version: 2.5.8. ScriptVersion: 0.1.0. Pythoncore: 3.7.3. Protocol: 00C842919090D3FD4897D0C953C8FBA9. Protocol client: 3E7AE130BB33C652DBF24318D016ECD0. Config: Hybrid64 X64. Built: 21:29:54 Aug 27 2025. AppID: 400001. UID: 1001. PID: 1157767 ----
    INFO      dbmgr-1 1001 400001  [2025-09-02 12:08:13 404] - Server ubuntumyh: Intel(R) Core(TM) i7-14700KF x4 with 8083592kB RAM
    INFO      dbmgr-1 1001 400001  [2025-09-02 12:08:13 406] - ---- dbmgr is running ----
   DEBUG      dbmgr-1 1001 400001  [2025-09-02 12:08:13 407] - Components::process(): Request for the process of identity...
   DEBUG      dbmgr-1 1001 400001  [2025-09-02 12:08:12 784] - DBInterfaceMysql::attach: connect: 127.0.0.1:3306 starting...
   DEBUG      dbmgr-1 1001 400001  [2025-09-02 12:08:12 789] - DBInterfaceMysql::attach: connect: 127.0.0.1:3306 starting...
   DEBUG      dbmgr-1 1001 400001  [2025-09-02 12:08:12 792] - DBInterfaceMysql::attach: successfully! addr: 127.0.0.1:3306
   DEBUG      dbmgr-1 1001 400001  [2025-09-02 12:08:12 793] - DBThread::onStart(): 0x73b8b84a5c80!
   DEBUG      dbmgr-1 1001 400001  [2025-09-02 12:08:12 801] - DBInterfaceMysql::attach: connect: 127.0.0.1:3306 starting...
   DEBUG      dbmgr-1 1001 400001  [2025-09-02 12:08:12 809] - DBInterfaceMysql::attach: connect: 127.0.0.1:3306 starting...
   DEBUG      dbmgr-1 1001 400001  [2025-09-02 12:08:12 816] - DBInterfaceMysql::attach: connect: 127.0.0.1:3306 starting...
   DEBUG      dbmgr-1 1001 400001  [2025-09-02 12:08:12 820] - DBInterfaceMysql::attach: successfully! addr: 127.0.0.1:3306
   DEBUG      dbmgr-1 1001 400001  [2025-09-02 12:08:12 820] - DBInterfaceMysql::attach: successfully! addr: 127.0.0.1:3306
   DEBUG      dbmgr-1 1001 400001  [2025-09-02 12:08:12 820] - DBThread::onStart(): 0x73b8b84a5e00!
   DEBUG      dbmgr-1 1001 400001  [2025-09-02 12:08:12 821] - DBThread::onStart(): 0x73b8b84a5d40!
   DEBUG      dbmgr-1 1001 400001  [2025-09-02 12:08:12 823] - DBInterfaceMysql::attach: successfully! addr: 127.0.0.1:3306
   DEBUG      dbmgr-1 1001 400001  [2025-09-02 12:08:12 824] - DBThread::onStart(): 0x73b8b84a5ec0!
   DEBUG      dbmgr-1 1001 400001  [2025-09-02 12:08:12 824] - DBInterfaceMysql::attach: successfully! addr: 127.0.0.1:3306
   DEBUG      dbmgr-1 1001 400001  [2025-09-02 12:08:12 825] - DBThread::onStart(): 0x73b8b84a5f80!
    INFO      dbmgr-1 1001 400001  [2025-09-02 12:08:12 986] - DBInterfaceMysql::query: successfully!
    INFO      dbmgr-1 1001 400001  [2025-09-02 12:08:12 986] - DBInterfaceMysql::query: successfully!
    INFO      dbmgr-1 1001 400001  [2025-09-02 12:08:12 986] - DBInterfaceMysql::query: successfully!
    INFO      dbmgr-1 1001 400001  [2025-09-02 12:08:12 986] - DBInterfaceMysql::query: successfully!
    INFO      dbmgr-1 1001 400001  [2025-09-02 12:08:12 988] - DBInterfaceMysql::query: successfully!
    INFO      dbmgr-1 1001 400001  [2025-09-02 12:08:12 990] - DBInterfaceMysql::query: successfully!
    INFO      dbmgr-1 1001 400001  [2025-09-02 12:08:12 990] - DBInterfaceMysql::query: successfully!
    INFO      dbmgr-1 1001 400001  [2025-09-02 12:08:12 991] - DBInterfaceMysql::query: successfully!
   DEBUG      dbmgr-1 1001 400001  [2025-09-02 12:08:13 015] - final sqlStr :: GlobalMailStub_delayMailList_despArgs->().
   DEBUG      dbmgr-1 1001 400001  [2025-09-02 12:08:13 018] - final sqlStr :: Avatar_storeData_stores->().
   DEBUG      dbmgr-1 1001 400001  [2025-09-02 12:08:13 021] - final sqlStr :: Avatar_collectibleData_collectibleList->().
   DEBUG      dbmgr-1 1001 400001  [2025-09-02 12:08:13 024] - final sqlStr :: Avatar_newbieGuideIds->().
   DEBUG      dbmgr-1 1001 400001  [2025-09-02 12:08:13 024] - final sqlStr :: Guild_applyJoins_applyJoins->().
   DEBUG      dbmgr-1 1001 400001  [2025-09-02 12:08:13 026] - final sqlStr :: CoreAreaFlag->().
   DEBUG      dbmgr-1 1001 400001  [2025-09-02 12:08:13 031] - final sqlStr :: RaidStub->().
   DEBUG      dbmgr-1 1001 400001  [2025-09-02 12:08:13 050] - final sqlStr :: Avatar_instantPotionSlots_slots->().
   DEBUG      dbmgr-1 1001 400001  [2025-09-02 12:08:13 053] - final sqlStr :: SingleDungeonStub->().
   DEBUG      dbmgr-1 1001 400001  [2025-09-02 12:08:13 053] - final sqlStr :: TeamDungeonStub->().
   DEBUG      dbmgr-1 1001 400001  [2025-09-02 12:08:13 054] - final sqlStr :: PlayerStub->().
   DEBUG      dbmgr-1 1001 400001  [2025-09-02 12:08:13 055] - final sqlStr :: Avatar_lingShouInfo_battleList->().
   DEBUG      dbmgr-1 1001 400001  [2025-09-02 12:08:13 083] - final sqlStr :: Creation->().
   DEBUG      dbmgr-1 1001 400001  [2025-09-02 12:08:13 083] - final sqlStr :: Collection->().
   DEBUG      dbmgr-1 1001 400001  [2025-09-02 12:08:13 084] - final sqlStr :: BaseApp->().
   DEBUG      dbmgr-1 1001 400001  [2025-09-02 12:08:13 084] - final sqlStr :: LeaderBoardStub_leaderBoardList_schoolsData->().
   DEBUG      dbmgr-1 1001 400001  [2025-09-02 12:08:13 085] - final sqlStr :: Avatar_storeData_stores_itemsList->().
 WARNING      dbmgr-1 1001 400001  [2025-09-02 12:08:13 086] - ThreadPool::popbufferTask: task buffered(43)!
 WARNING      dbmgr-1 1001 400001  [2025-09-02 12:08:13 087] - ThreadPool::popbufferTask: task buffered(42)!
 WARNING      dbmgr-1 1001 400001  [2025-09-02 12:08:13 088] - ThreadPool::popbufferTask: task buffered(41)!
 WARNING      dbmgr-1 1001 400001  [2025-09-02 12:08:13 088] - ThreadPool::popbufferTask: task buffered(40)!
   DEBUG      dbmgr-1 1001 400001  [2025-09-02 12:08:13 089] - final sqlStr :: SiegeWarStub->().
 WARNING      dbmgr-1 1001 400001  [2025-09-02 12:08:13 092] - ThreadPool::popbufferTask: task buffered(39)!
   DEBUG      dbmgr-1 1001 400001  [2025-09-02 12:08:13 099] - final sqlStr :: GlobalMailStub->().
   DEBUG      dbmgr-1 1001 400001  [2025-09-02 12:08:13 099] - final sqlStr :: TeamStub->().
 WARNING      dbmgr-1 1001 400001  [2025-09-02 12:08:13 100] - ThreadPool::popbufferTask: task buffered(40)!
   DEBUG      dbmgr-1 1001 400001  [2025-09-02 12:08:13 101] - final sqlStr :: WonderLandStub->().
   DEBUG      dbmgr-1 1001 400001  [2025-09-02 12:08:13 101] - final sqlStr :: Avatar_enemyMgr_recordList->().
 WARNING      dbmgr-1 1001 400001  [2025-09-02 12:08:13 104] - ThreadPool::popbufferTask: task buffered(40)!
 WARNING      dbmgr-1 1001 400001  [2025-09-02 12:08:13 104] - ThreadPool::popbufferTask: task buffered(39)!
   DEBUG      dbmgr-1 1001 400001  [2025-09-02 12:08:13 105] - final sqlStr :: ActStub->().
 WARNING      dbmgr-1 1001 400001  [2025-09-02 12:08:13 105] - ThreadPool::popbufferTask: task buffered(38)!
 WARNING      dbmgr-1 1001 400001  [2025-09-02 12:08:13 106] - ThreadPool::popbufferTask: task buffered(37)!
   DEBUG      dbmgr-1 1001 400001  [2025-09-02 12:08:13 107] - final sqlStr :: Avatar_lingShouInfo_lingShouList->().
   DEBUG      dbmgr-1 1001 400001  [2025-09-02 12:08:13 107] - final sqlStr :: GuildStub->().
   DEBUG      dbmgr-1 1001 400001  [2025-09-02 12:08:13 107] - final sqlStr :: WorldRefreshEntityStub->().
 WARNING      dbmgr-1 1001 400001  [2025-09-02 12:08:13 111] - ThreadPool::popbufferTask: task buffered(38)!
 WARNING      dbmgr-1 1001 400001  [2025-09-02 12:08:13 112] - ThreadPool::popbufferTask: task buffered(37)!
 WARNING      dbmgr-1 1001 400001  [2025-09-02 12:08:13 113] - ThreadPool::popbufferTask: task buffered(36)!
   DEBUG      dbmgr-1 1001 400001  [2025-09-02 12:08:13 116] - final sqlStr :: Avatar_achievementInfo_finishedIds->().
 WARNING      dbmgr-1 1001 400001  [2025-09-02 12:08:13 116] - ThreadPool::popbufferTask: task buffered(35)!
   DEBUG      dbmgr-1 1001 400001  [2025-09-02 12:08:13 117] - final sqlStr :: GlobalMailStub_mailList_despArgs->().
   DEBUG      dbmgr-1 1001 400001  [2025-09-02 12:08:13 117] - final sqlStr :: RaidMatchStub->().
   DEBUG      dbmgr-1 1001 400001  [2025-09-02 12:08:13 118] - final sqlStr :: Avatar_savedBuffDic_buffs->().
   DEBUG      dbmgr-1 1001 400001  [2025-09-02 12:08:13 118] - final sqlStr :: Summon_skillDic_skills->().
 WARNING      dbmgr-1 1001 400001  [2025-09-02 12:08:13 122] - ThreadPool::popbufferTask: task buffered(36)!
 WARNING      dbmgr-1 1001 400001  [2025-09-02 12:08:13 124] - ThreadPool::popbufferTask: task buffered(35)!
 WARNING      dbmgr-1 1001 400001  [2025-09-02 12:08:13 124] - ThreadPool::popbufferTask: task buffered(34)!
 WARNING      dbmgr-1 1001 400001  [2025-09-02 12:08:13 125] - ThreadPool::popbufferTask: task buffered(33)!
   DEBUG      dbmgr-1 1001 400001  [2025-09-02 12:08:13 126] - final sqlStr :: Guild_guildEvent_eventList->().
   DEBUG      dbmgr-1 1001 400001  [2025-09-02 12:08:13 187] - final sqlStr :: Avatar_warehouse_itemsList->().
   DEBUG      dbmgr-1 1001 400001  [2025-09-02 12:08:13 188] - final sqlStr :: SiegeWarStub_cntList->().
   DEBUG      dbmgr-1 1001 400001  [2025-09-02 12:08:13 188] - final sqlStr :: Avatar_skillDic_skills->().
 WARNING      dbmgr-1 1001 400001  [2025-09-02 12:08:13 189] - ThreadPool::popbufferTask: task buffered(65)!
   DEBUG      dbmgr-1 1001 400001  [2025-09-02 12:08:13 190] - final sqlStr :: Monster_skillDic_skills->().
   DEBUG      dbmgr-1 1001 400001  [2025-09-02 12:08:13 190] - final sqlStr :: Teleporter->().
   DEBUG      dbmgr-1 1001 400001  [2025-09-02 12:08:13 191] - final sqlStr :: MonsterGrp->().
 WARNING      dbmgr-1 1001 400001  [2025-09-02 12:08:13 191] - ThreadPool::popbufferTask: task buffered(64)!
 WARNING      dbmgr-1 1001 400001  [2025-09-02 12:08:13 192] - ThreadPool::popbufferTask: task buffered(63)!
 WARNING      dbmgr-1 1001 400001  [2025-09-02 12:08:13 192] - ThreadPool::popbufferTask: task buffered(62)!
   DEBUG      dbmgr-1 1001 400001  [2025-09-02 12:08:13 193] - final sqlStr :: CubeSpaceMgr->().
 WARNING      dbmgr-1 1001 400001  [2025-09-02 12:08:13 194] - ThreadPool::popbufferTask: task buffered(61)!
 WARNING      dbmgr-1 1001 400001  [2025-09-02 12:08:13 194] - ThreadPool::popbufferTask: task buffered(60)!
 WARNING      dbmgr-1 1001 400001  [2025-09-02 12:08:13 195] - ThreadPool::popbufferTask: task buffered(59)!
   DEBUG      dbmgr-1 1001 400001  [2025-09-02 12:08:13 195] - final sqlStr :: WorldBossStub->().
   DEBUG      dbmgr-1 1001 400001  [2025-09-02 12:08:13 195] - final sqlStr :: Avatar_bodyEquipData_bodyEquipList->().
   DEBUG      dbmgr-1 1001 400001  [2025-09-02 12:08:13 197] - final sqlStr :: Monster->().
 WARNING      dbmgr-1 1001 400001  [2025-09-02 12:08:13 197] - ThreadPool::popbufferTask: task buffered(58)!
   DEBUG      dbmgr-1 1001 400001  [2025-09-02 12:08:13 198] - final sqlStr :: DungeonSpaceMgr->().
 WARNING      dbmgr-1 1001 400001  [2025-09-02 12:08:13 199] - ThreadPool::popbufferTask: task buffered(57)!
 WARNING      dbmgr-1 1001 400001  [2025-09-02 12:08:13 200] - ThreadPool::popbufferTask: task buffered(56)!
   DEBUG      dbmgr-1 1001 400001  [2025-09-02 12:08:13 201] - final sqlStr :: Guild_guildUnionApplyMgr_applyUnionList->().
   DEBUG      dbmgr-1 1001 400001  [2025-09-02 12:08:13 202] - final sqlStr :: Account->().
   DEBUG      dbmgr-1 1001 400001  [2025-09-02 12:08:13 204] - final sqlStr :: Avatar_lingShouInfo_battleList_petIdList->().
 WARNING      dbmgr-1 1001 400001  [2025-09-02 12:08:13 205] - ThreadPool::popbufferTask: task buffered(55)!
 WARNING      dbmgr-1 1001 400001  [2025-09-02 12:08:13 205] - ThreadPool::popbufferTask: task buffered(54)!
   DEBUG      dbmgr-1 1001 400001  [2025-09-02 12:08:13 206] - final sqlStr :: Avatar_outfitInfo_outfitList->().
 WARNING      dbmgr-1 1001 400001  [2025-09-02 12:08:13 206] - ThreadPool::popbufferTask: task buffered(53)!
   DEBUG      dbmgr-1 1001 400001  [2025-09-02 12:08:13 207] - final sqlStr :: CubeStub->().
 WARNING      dbmgr-1 1001 400001  [2025-09-02 12:08:13 208] - ThreadPool::popbufferTask: task buffered(52)!
   DEBUG      dbmgr-1 1001 400001  [2025-09-02 12:08:13 209] - final sqlStr :: WorldLineSpaceMgr->().
   DEBUG      dbmgr-1 1001 400001  [2025-09-02 12:08:13 209] - final sqlStr :: Monster_savedBuffDic_buffs->().
 WARNING      dbmgr-1 1001 400001  [2025-09-02 12:08:13 210] - ThreadPool::popbufferTask: task buffered(51)!
 WARNING      dbmgr-1 1001 400001  [2025-09-02 12:08:13 211] - ThreadPool::popbufferTask: task buffered(50)!
   DEBUG      dbmgr-1 1001 400001  [2025-09-02 12:08:13 211] - final sqlStr :: Account_characters_characters->().
 WARNING      dbmgr-1 1001 400001  [2025-09-02 12:08:13 212] - ThreadPool::popbufferTask: task buffered(49)!
 WARNING      dbmgr-1 1001 400001  [2025-09-02 12:08:13 213] - ThreadPool::popbufferTask: task buffered(48)!
   DEBUG      dbmgr-1 1001 400001  [2025-09-02 12:08:13 214] - final sqlStr :: Barrier->().
   DEBUG      dbmgr-1 1001 400001  [2025-09-02 12:08:13 215] - final sqlStr :: Avatar_equipDropData_timerData->().
 WARNING      dbmgr-1 1001 400001  [2025-09-02 12:08:13 216] - ThreadPool::popbufferTask: task buffered(47)!
   DEBUG      dbmgr-1 1001 400001  [2025-09-02 12:08:13 217] - final sqlStr :: Space->().
   DEBUG      dbmgr-1 1001 400001  [2025-09-02 12:08:13 218] - final sqlStr :: Avatar_holidayPayInfo_holidayPayList->().
   DEBUG      dbmgr-1 1001 400001  [2025-09-02 12:08:13 218] - final sqlStr :: Avatar_friendship_receiveList->().
 WARNING      dbmgr-1 1001 400001  [2025-09-02 12:08:13 219] - ThreadPool::popbufferTask: task buffered(46)!
 WARNING      dbmgr-1 1001 400001  [2025-09-02 12:08:13 219] - ThreadPool::popbufferTask: task buffered(45)!
 WARNING      dbmgr-1 1001 400001  [2025-09-02 12:08:13 220] - ThreadPool::popbufferTask: task buffered(44)!
   DEBUG      dbmgr-1 1001 400001  [2025-09-02 12:08:13 220] - final sqlStr :: Avatar_friendship_blockList->().
 WARNING      dbmgr-1 1001 400001  [2025-09-02 12:08:13 221] - ThreadPool::popbufferTask: task buffered(43)!
   DEBUG      dbmgr-1 1001 400001  [2025-09-02 12:08:13 221] - final sqlStr :: Avatar_friendship_msgDic->().
 WARNING      dbmgr-1 1001 400001  [2025-09-02 12:08:13 222] - ThreadPool::popbufferTask: task buffered(42)!
 WARNING      dbmgr-1 1001 400001  [2025-09-02 12:08:13 223] - ThreadPool::popbufferTask: task buffered(41)!
   DEBUG      dbmgr-1 1001 400001  [2025-09-02 12:08:13 224] - final sqlStr :: Avatar_buildDic_skills->().
 WARNING      dbmgr-1 1001 400001  [2025-09-02 12:08:13 226] - ThreadPool::popbufferTask: task buffered(40)!
 WARNING      dbmgr-1 1001 400001  [2025-09-02 12:08:13 226] - ThreadPool::popbufferTask: task buffered(39)!
   DEBUG      dbmgr-1 1001 400001  [2025-09-02 12:08:13 227] - final sqlStr :: SiegeWarStub_nameList->().
   DEBUG      dbmgr-1 1001 400001  [2025-09-02 12:08:13 227] - final sqlStr :: CityBattleTeleporter->().
   DEBUG      dbmgr-1 1001 400001  [2025-09-02 12:08:13 227] - final sqlStr :: SiegeWarSpaceMgr->().
 WARNING      dbmgr-1 1001 400001  [2025-09-02 12:08:13 228] - ThreadPool::popbufferTask: task buffered(38)!
   DEBUG      dbmgr-1 1001 400001  [2025-09-02 12:08:13 229] - final sqlStr :: Avatar_achievementInfo_achieveList->().
   DEBUG      dbmgr-1 1001 400001  [2025-09-02 12:08:13 229] - final sqlStr :: Guild_members_members->().
   DEBUG      dbmgr-1 1001 400001  [2025-09-02 12:08:13 233] - final sqlStr :: WorldLineStub->().
 WARNING      dbmgr-1 1001 400001  [2025-09-02 12:08:13 234] - ThreadPool::popbufferTask: task buffered(37)!
 WARNING      dbmgr-1 1001 400001  [2025-09-02 12:08:13 235] - ThreadPool::popbufferTask: task buffered(36)!
 WARNING      dbmgr-1 1001 400001  [2025-09-02 12:08:13 236] - ThreadPool::popbufferTask: task buffered(35)!
 WARNING      dbmgr-1 1001 400001  [2025-09-02 12:08:13 236] - ThreadPool::popbufferTask: task buffered(34)!
   DEBUG      dbmgr-1 1001 400001  [2025-09-02 12:08:13 236] - final sqlStr :: WonderLandSpaceMgr->().
   DEBUG      dbmgr-1 1001 400001  [2025-09-02 12:08:13 237] - final sqlStr :: LoginStub->().
 WARNING      dbmgr-1 1001 400001  [2025-09-02 12:08:13 237] - ThreadPool::popbufferTask: task buffered(33)!
   DEBUG      dbmgr-1 1001 400001  [2025-09-02 12:08:13 237] - final sqlStr :: AdminStub->().
   DEBUG      dbmgr-1 1001 400001  [2025-09-02 12:08:13 238] - final sqlStr :: Guild_guildEvent_eventList_args->().
   DEBUG      dbmgr-1 1001 400001  [2025-09-02 12:08:13 239] - final sqlStr :: Avatar_enemyMgr_enemyList->().
   DEBUG      dbmgr-1 1001 400001  [2025-09-02 12:08:13 239] - final sqlStr :: Summon_savedBuffDic_buffs->().
   DEBUG      dbmgr-1 1001 400001  [2025-09-02 12:08:13 240] - final sqlStr :: Guild_permissions_permissions->().
   DEBUG      dbmgr-1 1001 400001  [2025-09-02 12:08:13 241] - final sqlStr :: Avatar_friendship_recentList->().
   DEBUG      dbmgr-1 1001 400001  [2025-09-02 12:08:13 242] - final sqlStr :: SiegeWarSpaceStub->().
   DEBUG      dbmgr-1 1001 400001  [2025-09-02 12:08:13 243] - final sqlStr :: Guild_junXuArchitecture_qixieList->().
   DEBUG      dbmgr-1 1001 400001  [2025-09-02 12:08:13 243] - final sqlStr :: CrossDataStub->().
   DEBUG      dbmgr-1 1001 400001  [2025-09-02 12:08:13 246] - final sqlStr :: Creation_skillDic_skills->().
   DEBUG      dbmgr-1 1001 400001  [2025-09-02 12:08:13 249] - final sqlStr :: ItemLinkStub->().
   DEBUG      dbmgr-1 1001 400001  [2025-09-02 12:08:13 249] - final sqlStr :: Guild->().
   DEBUG      dbmgr-1 1001 400001  [2025-09-02 12:08:13 251] - final sqlStr :: Npc->().
   DEBUG      dbmgr-1 1001 400001  [2025-09-02 12:08:13 253] - final sqlStr :: DropStub->().
   DEBUG      dbmgr-1 1001 400001  [2025-09-02 12:08:13 256] - final sqlStr :: Creation_savedBuffDic_buffs->().
   DEBUG      dbmgr-1 1001 400001  [2025-09-02 12:08:13 257] - final sqlStr :: GlobalMailStub_mailList->().
   DEBUG      dbmgr-1 1001 400001  [2025-09-02 12:08:13 257] - final sqlStr :: Summon->().
   DEBUG      dbmgr-1 1001 400001  [2025-09-02 12:08:13 261] - final sqlStr :: Avatar_buildDic_skillLevels->().
   DEBUG      dbmgr-1 1001 400001  [2025-09-02 12:08:13 262] - final sqlStr :: CrossSiegeWarStub->().
   DEBUG      dbmgr-1 1001 400001  [2025-09-02 12:08:13 263] - final sqlStr :: Avatar_equipDropData_takerWaitList->().
   DEBUG      dbmgr-1 1001 400001  [2025-09-02 12:08:13 263] - final sqlStr :: SiegeWarStub_guildNameList->().
   DEBUG      dbmgr-1 1001 400001  [2025-09-02 12:08:13 266] - final sqlStr :: Guild_guildUnionApplyMgr_senderList->().
   DEBUG      dbmgr-1 1001 400001  [2025-09-02 12:08:13 267] - final sqlStr :: Npc_savedBuffDic_buffs->().
   DEBUG      dbmgr-1 1001 400001  [2025-09-02 12:08:13 268] - final sqlStr :: Npc_skillDic_skills->().
   DEBUG      dbmgr-1 1001 400001  [2025-09-02 12:08:13 269] - final sqlStr :: Avatar->().
   DEBUG      dbmgr-1 1001 400001  [2025-09-02 12:08:13 269] - final sqlStr :: CrossServerStub->().
   DEBUG      dbmgr-1 1001 400001  [2025-09-02 12:08:13 270] - final sqlStr :: AuctionStub->().
   DEBUG      dbmgr-1 1001 400001  [2025-09-02 12:08:13 272] - final sqlStr :: Avatar_lingShouInfo_lingShouList_equipList->().
   DEBUG      dbmgr-1 1001 400001  [2025-09-02 12:08:13 273] - final sqlStr :: DuelFlag->().
   DEBUG      dbmgr-1 1001 400001  [2025-09-02 12:08:13 274] - final sqlStr :: RaidDungeonStub->().
   DEBUG      dbmgr-1 1001 400001  [2025-09-02 12:08:13 274] - final sqlStr :: LeaderBoardStub->().
   DEBUG      dbmgr-1 1001 400001  [2025-09-02 12:08:13 274] - final sqlStr :: TeamMatchStub->().
   DEBUG      dbmgr-1 1001 400001  [2025-09-02 12:08:13 275] - final sqlStr :: GlobalMailStub_delayMailList->().
   DEBUG      dbmgr-1 1001 400001  [2025-09-02 12:08:13 276] - final sqlStr :: Avatar_blazeIds->().
   DEBUG      dbmgr-1 1001 400001  [2025-09-02 12:08:13 277] - final sqlStr :: Avatar_drawCardInfo_cardPoolInfoList->().
   DEBUG      dbmgr-1 1001 400001  [2025-09-02 12:08:19 423] - Dbmgr::onBroadSelfCBFromMachine: uid=1001, componentType=1, componentID=400001, globalOrderid=4, groupOrderid=1)!
    INFO      dbmgr01 1001 400001  [2025-09-02 12:08:20 434] - Components::findComponents: find logger(1)...
    INFO      dbmgr01 1001 400001  [2025-09-02 12:08:21 062] - Components::findComponents: found logger, addr:192.168.10.127:43117
    INFO      dbmgr01 1001 400001  [2025-09-02 12:08:21 062] - Components::addComponent: reset orderLog, uid=1001!
    INFO      dbmgr01 1001 400001  [2025-09-02 12:08:21 062] - Components::addComponent[logger], uid=1001, componentID=200001, globalorderid=1, grouporderid=1, totalcount=1
    INFO      dbmgr01 1001 400001  [2025-09-02 12:08:23 089] - ServerApp::onRegisterNewApp: uid:1001, username:fengyan, componentType:loginapp, componentID:900001, globalorderID=-1, grouporderID=-1, intaddr:192.168.10.127, intport:33853, extaddr:192.168.10.127, extport:20013,  from 192.168.10.127:35934/0/0/0.
    INFO      dbmgr01 1001 400001  [2025-09-02 12:08:23 089] - Components::addComponent: reset orderLog, uid=1001!
    INFO      dbmgr01 1001 400001  [2025-09-02 12:08:23 089] - Components::addComponent[loginapp], uid=1001, componentID=900001, globalorderid=1, grouporderid=1, totalcount=1
    INFO      dbmgr01 1001 400001  [2025-09-02 12:08:23 930] - ServerApp::onRegisterNewApp: uid:1001, username:fengyan, componentType:baseappmgr, componentID:500001, globalorderID=-1, grouporderID=-1, intaddr:192.168.10.127, intport:45009, extaddr:nonsupport, extport:0,  from 192.168.10.127:35940/0/0/0.
    INFO      dbmgr01 1001 400001  [2025-09-02 12:08:23 930] - Components::addComponent[baseappmgr], uid=1001, componentID=500001, globalorderid=2, grouporderid=1, totalcount=1
    INFO      dbmgr01 1001 400001  [2025-09-02 12:08:24 032] - ServerApp::onRegisterNewApp: uid:1001, username:fengyan, componentType:cellappmgr, componentID:600001, globalorderID=-1, grouporderID=-1, intaddr:192.168.10.127, intport:41755, extaddr:nonsupport, extport:0,  from 192.168.10.127:35946/0/0/0.
    INFO      dbmgr01 1001 400001  [2025-09-02 12:08:24 032] - Components::addComponent[cellappmgr], uid=1001, componentID=600001, globalorderid=3, grouporderid=1, totalcount=1
   DEBUG      dbmgr01 1001 400001  [2025-09-02 12:08:27 034] - SyncAppDatasHandler::~SyncAppDatasHandler()
    INFO      dbmgr01 1001 400001  [2025-09-02 12:08:27 640] - ServerApp::onRegisterNewApp: uid:1001, username:fengyan, componentType:interfaces, componentID:300001, globalorderID=-1, grouporderID=-1, intaddr:192.168.10.127, intport:30099, extaddr:nonsupport, extport:0,  from 192.168.10.127:35964/0/0/0.
    INFO      dbmgr01 1001 400001  [2025-09-02 12:08:27 640] - Components::addComponent[interfaces], uid=1001, componentID=300001, globalorderid=4, grouporderid=1, totalcount=1
    INFO      dbmgr01 1001 400001  [2025-09-02 12:08:27 641] - Dbmgr::initInterfacesHandler: interfaces addr(192.168.10.127:35964).
    INFO      dbmgr01 1001 400001  [2025-09-02 12:08:27 641] - Components::process(): Found all the components!
   DEBUG      dbmgr01 1001 400001  [2025-09-02 12:08:27 774] - Dbmgr::DBTaskExecuteRawDatabaseCommand::presentMainThread: SELECT name, value from game_config.
    INFO      dbmgr01 1001 400001  [2025-09-02 12:08:31 914] - ServerApp::onRegisterNewApp: uid:1001, username:fengyan, componentType:cellapp, componentID:800001, globalorderID=-1, grouporderID=-1, intaddr:192.168.10.127, intport:44985, extaddr:nonsupport, extport:0,  from 192.168.10.127:59578/0/0/0.
    INFO      dbmgr01 1001 400001  [2025-09-02 12:08:31 914] - Components::addComponent[cellapp], uid=1001, componentID=800001, globalorderid=5, grouporderid=1, totalcount=1
    INFO      dbmgr01 1001 400001  [2025-09-02 12:08:32 109] - ServerApp::onRegisterNewApp: uid:1001, username:fengyan, componentType:baseapp, componentID:700002, globalorderID=-1, grouporderID=-1, intaddr:192.168.10.127, intport:35419, extaddr:192.168.10.127, extport:20015,  from 192.168.10.127:59594/0/0/0.
    INFO      dbmgr01 1001 400001  [2025-09-02 12:08:32 109] - Components::addComponent[baseapp], uid=1001, componentID=700002, globalorderid=6, grouporderid=1, totalcount=1
    INFO      dbmgr01 1001 400001  [2025-09-02 12:08:32 114] - ServerApp::onRegisterNewApp: uid:1001, username:fengyan, componentType:cellapp, componentID:800002, globalorderID=-1, grouporderID=-1, intaddr:192.168.10.127, intport:59203, extaddr:nonsupport, extport:0,  from 192.168.10.127:59596/0/0/0.
    INFO      dbmgr01 1001 400001  [2025-09-02 12:08:32 114] - Components::addComponent[cellapp], uid=1001, componentID=800002, globalorderid=7, grouporderid=2, totalcount=2
    INFO      dbmgr01 1001 400001  [2025-09-02 12:08:32 409] - ServerApp::onRegisterNewApp: uid:1001, username:fengyan, componentType:baseapp, componentID:700001, globalorderID=-1, grouporderID=-1, intaddr:192.168.10.127, intport:58597, extaddr:192.168.10.127, extport:20017,  from 192.168.10.127:59604/0/0/0.
    INFO      dbmgr01 1001 400001  [2025-09-02 12:08:32 409] - Components::addComponent[baseapp], uid=1001, componentID=700001, globalorderid=8, grouporderid=2, totalcount=2
    INFO      dbmgr01 1001 400001  [2025-09-02 12:08:35 415] - IDServer::allocRange: 1-2001. 1
    INFO      dbmgr01 1001 400001  [2025-09-02 12:08:35 415] - IDServer::allocRange: 2001-4001. 1
    INFO      dbmgr01 1001 400001  [2025-09-02 12:08:35 415] - IDServer::allocRange: 4001-6001. 1
    INFO      dbmgr01 1001 400001  [2025-09-02 12:08:35 415] - IDServer::allocRange: 6001-8001. 1
   DEBUG      dbmgr01 1001 400001  [2025-09-02 12:08:35 415] - SyncAppDatasHandler::~SyncAppDatasHandler()
   DEBUG      dbmgr01 1001 400001  [2025-09-02 12:08:37 734] - Dbmgr::DBTaskExecuteRawDatabaseCommand::presentMainThread: SELECT name, value from game_config.
   DEBUG      dbmgr01 1001 400001  [2025-09-02 12:08:37 754] - Dbmgr::DBTaskExecuteRawDatabaseCommand::presentMainThread: DELETE FROM `game_admin_cmds` WHERE `tWhen`<1756181317.
   DEBUG      dbmgr01 1001 400001  [2025-09-02 12:08:37 754] - Dbmgr::DBTaskExecuteRawDatabaseCommand::presentMainThread: SELECT entityType, entityDBID FROM game_entity_dbid.
   DEBUG      dbmgr01 1001 400001  [2025-09-02 12:08:37 914] - Dbmgr::DBTaskExecuteRawDatabaseCommand::presentMainThread: SELECT entityType, entityDBID FROM game_entity_dbid.
 WARNING      dbmgr01 1001 400001  [2025-09-02 12:08:40 724] - ThreadPool::addTask: can't createthread, the poolsize is full(5).
   DEBUG      dbmgr01 1001 400001  [2025-09-02 12:08:40 739] - Dbmgr::DBTaskLookUpEntityByDBID: WorldBossStub(1), entityInAppID(0).
   DEBUG      dbmgr01 1001 400001  [2025-09-02 12:08:40 739] - Dbmgr::DBTaskLookUpEntityByDBID: CrossSiegeWarStub(19), entityInAppID(0).
   DEBUG      dbmgr01 1001 400001  [2025-09-02 12:08:40 766] - Dbmgr::DBTaskQueryEntity: WorldBossStub, dbid=1, entityID=2042, wasActive=false, queryMode=0, componentID=700002, success=true.
   DEBUG      dbmgr01 1001 400001  [2025-09-02 12:08:40 799] - Dbmgr::DBTaskExecuteRawDatabaseCommand::presentMainThread: select count(id) from tbl_Account.
   DEBUG      dbmgr01 1001 400001  [2025-09-02 12:08:40 799] - Dbmgr::DBTaskQueryEntity: CrossSiegeWarStub, dbid=19, entityID=6065, wasActive=false, queryMode=0, componentID=700001, success=true.
   DEBUG      dbmgr01 1001 400001  [2025-09-02 12:08:40 814] - Dbmgr::DBTaskLookUpEntityByDBID: SiegeWarStub(2), entityInAppID(0).
   DEBUG      dbmgr01 1001 400001  [2025-09-02 12:08:40 814] - Dbmgr::DBTaskExecuteRawDatabaseCommand::presentMainThread: select count(id) from tbl_Account.
   DEBUG      dbmgr01 1001 400001  [2025-09-02 12:08:40 814] - Dbmgr::DBTaskLookUpEntityByDBID: GlobalMailStub(1), entityInAppID(0).
   DEBUG      dbmgr01 1001 400001  [2025-09-02 12:08:40 834] - Dbmgr::DBTaskExecuteRawDatabaseCommand::presentMainThread: SELECT id, sm_guildUUID, sm_guildName, sm_desc from tbl_Guild.
   DEBUG      dbmgr01 1001 400001  [2025-09-02 12:08:40 834] - Dbmgr::DBTaskQueryEntity: SiegeWarStub, dbid=2, entityID=2043, wasActive=false, queryMode=0, componentID=700002, success=true.
   DEBUG      dbmgr01 1001 400001  [2025-09-02 12:08:40 834] - Dbmgr::DBTaskQueryEntity: GlobalMailStub, dbid=1, entityID=6066, wasActive=false, queryMode=0, componentID=700001, success=true.
   DEBUG      dbmgr01 1001 400001  [2025-09-02 12:08:40 854] - Dbmgr::DBTaskQueryEntity: Guild, dbid=1, entityID=2044, wasActive=false, queryMode=1, componentID=700001, success=true.
   DEBUG      dbmgr01 1001 400001  [2025-09-02 12:08:40 874] - Dbmgr::DBTaskExecuteRawDatabaseCommand::presentMainThread: SELECT gbId FROM game_guild_avatar WHERE guildUUID=4078610036485390337.
   DEBUG      dbmgr01 1001 400001  [2025-09-02 12:09:02 813] - Dbmgr::DBTaskExecuteRawDatabaseCommand::presentMainThread: REPLACE INTO game_state_info (name, value) VALUES ('server_start_time', 1756786142).
   DEBUG      dbmgr01 1001 400001  [2025-09-02 12:09:03 314] - Dbmgr::DBTaskExecuteRawDatabaseCommand::presentMainThread: REPLACE INTO game_state_info (name, value) VALUES ('server_start_time', 1756786143).
   DEBUG      dbmgr01 1001 400001  [2025-09-02 12:09:03 814] - Dbmgr::DBTaskExecuteRawDatabaseCommand::presentMainThread: SELECT lbType, value FROM game_leader_board_stub_info.
   DEBUG      dbmgr01 1001 400001  [2025-09-02 12:09:03 834] - Dbmgr::DBTaskQueryEntity: LeaderBoardStub, dbid=2, entityID=2048, wasActive=false, queryMode=1, componentID=700001, success=true.
   DEBUG      dbmgr01 1001 400001  [2025-09-02 12:09:03 834] - Dbmgr::DBTaskQueryEntity: LeaderBoardStub, dbid=1, entityID=2049, wasActive=false, queryMode=1, componentID=700001, success=true.
   DEBUG      dbmgr01 1001 400001  [2025-09-02 12:09:40 814] - Dbmgr::DBTaskExecuteRawDatabaseCommand::presentMainThread: SELECT gbId FROM game_guild_avatar WHERE guildUUID=4078610036485390337.
   DEBUG      dbmgr01 1001 400001  [2025-09-02 12:10:40 814] - Dbmgr::DBTaskExecuteRawDatabaseCommand::presentMainThread: SELECT gbId FROM game_guild_avatar WHERE guildUUID=4078610036485390337.
   DEBUG      dbmgr01 1001 400001  [2025-09-02 12:11:40 814] - Dbmgr::DBTaskExecuteRawDatabaseCommand::presentMainThread: SELECT gbId FROM game_guild_avatar WHERE guildUUID=4078610036485390337.
   DEBUG      dbmgr01 1001 400001  [2025-09-02 12:12:40 814] - Dbmgr::DBTaskExecuteRawDatabaseCommand::presentMainThread: SELECT gbId FROM game_guild_avatar WHERE guildUUID=4078610036485390337.
   DEBUG      dbmgr01 1001 400001  [2025-09-02 12:13:40 814] - Dbmgr::DBTaskExecuteRawDatabaseCommand::presentMainThread: SELECT gbId FROM game_guild_avatar WHERE guildUUID=4078610036485390337.
   DEBUG      dbmgr01 1001 400001  [2025-09-02 12:14:18 514] - Dbmgr::writeEntity: LeaderBoardStub(2).
   DEBUG      dbmgr01 1001 400001  [2025-09-02 12:14:40 814] - Dbmgr::DBTaskExecuteRawDatabaseCommand::presentMainThread: SELECT gbId FROM game_guild_avatar WHERE guildUUID=4078610036485390337.
   DEBUG      dbmgr01 1001 400001  [2025-09-02 12:15:18 515] - Dbmgr::writeEntity: GlobalMailStub(1).
   DEBUG      dbmgr01 1001 400001  [2025-09-02 12:15:40 813] - Dbmgr::DBTaskExecuteRawDatabaseCommand::presentMainThread: SELECT gbId FROM game_guild_avatar WHERE guildUUID=4078610036485390337.
   DEBUG      dbmgr01 1001 400001  [2025-09-02 12:15:48 514] - Dbmgr::writeEntity: SiegeWarStub(2).
   DEBUG      dbmgr01 1001 400001  [2025-09-02 12:16:18 514] - Dbmgr::writeEntity: LeaderBoardStub(1).
   DEBUG      dbmgr01 1001 400001  [2025-09-02 12:16:40 814] - Dbmgr::DBTaskExecuteRawDatabaseCommand::presentMainThread: SELECT gbId FROM game_guild_avatar WHERE guildUUID=4078610036485390337.
   DEBUG      dbmgr01 1001 400001  [2025-09-02 12:17:18 514] - Dbmgr::writeEntity: CrossSiegeWarStub(19).
   DEBUG      dbmgr01 1001 400001  [2025-09-02 12:17:40 815] - Dbmgr::DBTaskExecuteRawDatabaseCommand::presentMainThread: SELECT gbId FROM game_guild_avatar WHERE guildUUID=4078610036485390337.
   DEBUG      dbmgr01 1001 400001  [2025-09-02 12:18:18 514] - Dbmgr::writeEntity: WorldBossStub(1).
   DEBUG      dbmgr01 1001 400001  [2025-09-02 12:18:18 515] - Dbmgr::writeEntity: Guild(1).
    INFO      dbmgr01 1001 400001  [2025-09-02 12:18:18 510] - Buffered_DBTasks::onFiniTask: Playing buffered task for entityID=2044, dbid=1, dbid_tasks_size=1, entityid_tasks_size=0.
   DEBUG      dbmgr01 1001 400001  [2025-09-02 12:18:40 814] - Dbmgr::DBTaskExecuteRawDatabaseCommand::presentMainThread: SELECT gbId FROM game_guild_avatar WHERE guildUUID=4078610036485390337.
   DEBUG      dbmgr01 1001 400001  [2025-09-02 12:19:40 815] - Dbmgr::DBTaskExecuteRawDatabaseCommand::presentMainThread: SELECT gbId FROM game_guild_avatar WHERE guildUUID=4078610036485390337.
   DEBUG      dbmgr01 1001 400001  [2025-09-02 12:20:40 814] - Dbmgr::DBTaskExecuteRawDatabaseCommand::presentMainThread: SELECT gbId FROM game_guild_avatar WHERE guildUUID=4078610036485390337.
   DEBUG      dbmgr01 1001 400001  [2025-09-02 12:21:40 814] - Dbmgr::DBTaskExecuteRawDatabaseCommand::presentMainThread: SELECT gbId FROM game_guild_avatar WHERE guildUUID=4078610036485390337.
   DEBUG      dbmgr01 1001 400001  [2025-09-02 12:22:40 814] - Dbmgr::DBTaskExecuteRawDatabaseCommand::presentMainThread: SELECT gbId FROM game_guild_avatar WHERE guildUUID=4078610036485390337.
   DEBUG      dbmgr01 1001 400001  [2025-09-02 12:23:40 814] - Dbmgr::DBTaskExecuteRawDatabaseCommand::presentMainThread: SELECT gbId FROM game_guild_avatar WHERE guildUUID=4078610036485390337.
   DEBUG      dbmgr01 1001 400001  [2025-09-02 12:24:40 816] - Dbmgr::DBTaskExecuteRawDatabaseCommand::presentMainThread: SELECT gbId FROM game_guild_avatar WHERE guildUUID=4078610036485390337.
   DEBUG      dbmgr01 1001 400001  [2025-09-02 12:25:40 815] - Dbmgr::DBTaskExecuteRawDatabaseCommand::presentMainThread: SELECT gbId FROM game_guild_avatar WHERE guildUUID=4078610036485390337.
   DEBUG      dbmgr01 1001 400001  [2025-09-02 12:26:40 815] - Dbmgr::DBTaskExecuteRawDatabaseCommand::presentMainThread: SELECT gbId FROM game_guild_avatar WHERE guildUUID=4078610036485390337.
   DEBUG      dbmgr01 1001 400001  [2025-09-02 12:27:40 814] - Dbmgr::DBTaskExecuteRawDatabaseCommand::presentMainThread: SELECT gbId FROM game_guild_avatar WHERE guildUUID=4078610036485390337.
   DEBUG      dbmgr01 1001 400001  [2025-09-02 12:28:40 815] - Dbmgr::DBTaskExecuteRawDatabaseCommand::presentMainThread: SELECT gbId FROM game_guild_avatar WHERE guildUUID=4078610036485390337.
   DEBUG      dbmgr01 1001 400001  [2025-09-02 12:29:40 814] - Dbmgr::DBTaskExecuteRawDatabaseCommand::presentMainThread: SELECT gbId FROM game_guild_avatar WHERE guildUUID=4078610036485390337.
   DEBUG      dbmgr01 1001 400001  [2025-09-02 12:30:40 814] - Dbmgr::DBTaskExecuteRawDatabaseCommand::presentMainThread: SELECT gbId FROM game_guild_avatar WHERE guildUUID=4078610036485390337.
   DEBUG      dbmgr01 1001 400001  [2025-09-02 12:31:40 814] - Dbmgr::DBTaskExecuteRawDatabaseCommand::presentMainThread: SELECT gbId FROM game_guild_avatar WHERE guildUUID=4078610036485390337.
   DEBUG      dbmgr01 1001 400001  [2025-09-02 12:32:40 816] - Dbmgr::DBTaskExecuteRawDatabaseCommand::presentMainThread: SELECT gbId FROM game_guild_avatar WHERE guildUUID=4078610036485390337.
   DEBUG      dbmgr01 1001 400001  [2025-09-02 12:33:40 814] - Dbmgr::DBTaskExecuteRawDatabaseCommand::presentMainThread: SELECT gbId FROM game_guild_avatar WHERE guildUUID=4078610036485390337.
   DEBUG      dbmgr01 1001 400001  [2025-09-02 12:34:40 813] - Dbmgr::DBTaskExecuteRawDatabaseCommand::presentMainThread: SELECT gbId FROM game_guild_avatar WHERE guildUUID=4078610036485390337.
   DEBUG      dbmgr01 1001 400001  [2025-09-02 12:35:40 812] - Dbmgr::DBTaskExecuteRawDatabaseCommand::presentMainThread: SELECT gbId FROM game_guild_avatar WHERE guildUUID=4078610036485390337.
   DEBUG      dbmgr01 1001 400001  [2025-09-02 12:36:40 811] - Dbmgr::DBTaskExecuteRawDatabaseCommand::presentMainThread: SELECT gbId FROM game_guild_avatar WHERE guildUUID=4078610036485390337.
   DEBUG      dbmgr01 1001 400001  [2025-09-02 12:37:40 810] - Dbmgr::DBTaskExecuteRawDatabaseCommand::presentMainThread: SELECT gbId FROM game_guild_avatar WHERE guildUUID=4078610036485390337.
   DEBUG      dbmgr01 1001 400001  [2025-09-02 12:38:40 809] - Dbmgr::DBTaskExecuteRawDatabaseCommand::presentMainThread: SELECT gbId FROM game_guild_avatar WHERE guildUUID=4078610036485390337.
   DEBUG      dbmgr01 1001 400001  [2025-09-02 12:39:40 808] - Dbmgr::DBTaskExecuteRawDatabaseCommand::presentMainThread: SELECT gbId FROM game_guild_avatar WHERE guildUUID=4078610036485390337.
   DEBUG      dbmgr01 1001 400001  [2025-09-02 12:40:40 807] - Dbmgr::DBTaskExecuteRawDatabaseCommand::presentMainThread: SELECT gbId FROM game_guild_avatar WHERE guildUUID=4078610036485390337.
   DEBUG      dbmgr01 1001 400001  [2025-09-02 12:41:40 806] - Dbmgr::DBTaskExecuteRawDatabaseCommand::presentMainThread: SELECT gbId FROM game_guild_avatar WHERE guildUUID=4078610036485390337.
   DEBUG      dbmgr01 1001 400001  [2025-09-02 12:42:40 806] - Dbmgr::DBTaskExecuteRawDatabaseCommand::presentMainThread: SELECT gbId FROM game_guild_avatar WHERE guildUUID=4078610036485390337.
   DEBUG      dbmgr01 1001 400001  [2025-09-02 12:43:40 805] - Dbmgr::DBTaskExecuteRawDatabaseCommand::presentMainThread: SELECT gbId FROM game_guild_avatar WHERE guildUUID=4078610036485390337.
   DEBUG      dbmgr01 1001 400001  [2025-09-02 12:44:40 805] - Dbmgr::DBTaskExecuteRawDatabaseCommand::presentMainThread: SELECT gbId FROM game_guild_avatar WHERE guildUUID=4078610036485390337.
   DEBUG      dbmgr01 1001 400001  [2025-09-02 12:45:40 804] - Dbmgr::DBTaskExecuteRawDatabaseCommand::presentMainThread: SELECT gbId FROM game_guild_avatar WHERE guildUUID=4078610036485390337.
   DEBUG      dbmgr01 1001 400001  [2025-09-02 12:46:40 803] - Dbmgr::DBTaskExecuteRawDatabaseCommand::presentMainThread: SELECT gbId FROM game_guild_avatar WHERE guildUUID=4078610036485390337.
   DEBUG      dbmgr01 1001 400001  [2025-09-02 12:47:40 804] - Dbmgr::DBTaskExecuteRawDatabaseCommand::presentMainThread: SELECT gbId FROM game_guild_avatar WHERE guildUUID=4078610036485390337.
   DEBUG      dbmgr01 1001 400001  [2025-09-02 12:48:40 803] - Dbmgr::DBTaskExecuteRawDatabaseCommand::presentMainThread: SELECT gbId FROM game_guild_avatar WHERE guildUUID=4078610036485390337.
   DEBUG      dbmgr01 1001 400001  [2025-09-02 12:49:40 802] - Dbmgr::DBTaskExecuteRawDatabaseCommand::presentMainThread: SELECT gbId FROM game_guild_avatar WHERE guildUUID=4078610036485390337.
   DEBUG      dbmgr01 1001 400001  [2025-09-02 12:50:40 802] - Dbmgr::DBTaskExecuteRawDatabaseCommand::presentMainThread: SELECT gbId FROM game_guild_avatar WHERE guildUUID=4078610036485390337.
   DEBUG      dbmgr01 1001 400001  [2025-09-02 12:51:40 802] - Dbmgr::DBTaskExecuteRawDatabaseCommand::presentMainThread: SELECT gbId FROM game_guild_avatar WHERE guildUUID=4078610036485390337.
   DEBUG      dbmgr01 1001 400001  [2025-09-02 12:52:40 802] - Dbmgr::DBTaskExecuteRawDatabaseCommand::presentMainThread: SELECT gbId FROM game_guild_avatar WHERE guildUUID=4078610036485390337.
   DEBUG      dbmgr01 1001 400001  [2025-09-02 12:53:40 802] - Dbmgr::DBTaskExecuteRawDatabaseCommand::presentMainThread: SELECT gbId FROM game_guild_avatar WHERE guildUUID=4078610036485390337.
   DEBUG      dbmgr01 1001 400001  [2025-09-02 12:54:40 802] - Dbmgr::DBTaskExecuteRawDatabaseCommand::presentMainThread: SELECT gbId FROM game_guild_avatar WHERE guildUUID=4078610036485390337.
   DEBUG      dbmgr01 1001 400001  [2025-09-02 12:55:40 801] - Dbmgr::DBTaskExecuteRawDatabaseCommand::presentMainThread: SELECT gbId FROM game_guild_avatar WHERE guildUUID=4078610036485390337.
   DEBUG      dbmgr01 1001 400001  [2025-09-02 12:56:40 800] - Dbmgr::DBTaskExecuteRawDatabaseCommand::presentMainThread: SELECT gbId FROM game_guild_avatar WHERE guildUUID=4078610036485390337.
   DEBUG      dbmgr01 1001 400001  [2025-09-02 12:57:40 800] - Dbmgr::DBTaskExecuteRawDatabaseCommand::presentMainThread: SELECT gbId FROM game_guild_avatar WHERE guildUUID=4078610036485390337.
   DEBUG      dbmgr01 1001 400001  [2025-09-02 12:58:40 800] - Dbmgr::DBTaskExecuteRawDatabaseCommand::presentMainThread: SELECT gbId FROM game_guild_avatar WHERE guildUUID=4078610036485390337.
   DEBUG      dbmgr01 1001 400001  [2025-09-02 12:59:40 800] - Dbmgr::DBTaskExecuteRawDatabaseCommand::presentMainThread: SELECT gbId FROM game_guild_avatar WHERE guildUUID=4078610036485390337.
   DEBUG      dbmgr01 1001 400001  [2025-09-02 13:00:40 800] - Dbmgr::DBTaskExecuteRawDatabaseCommand::presentMainThread: SELECT gbId FROM game_guild_avatar WHERE guildUUID=4078610036485390337.
   DEBUG      dbmgr01 1001 400001  [2025-09-02 13:01:40 799] - Dbmgr::DBTaskExecuteRawDatabaseCommand::presentMainThread: SELECT gbId FROM game_guild_avatar WHERE guildUUID=4078610036485390337.
   DEBUG      dbmgr01 1001 400001  [2025-09-02 13:02:40 799] - Dbmgr::DBTaskExecuteRawDatabaseCommand::presentMainThread: SELECT gbId FROM game_guild_avatar WHERE guildUUID=4078610036485390337.
   DEBUG      dbmgr01 1001 400001  [2025-09-02 13:03:40 799] - Dbmgr::DBTaskExecuteRawDatabaseCommand::presentMainThread: SELECT gbId FROM game_guild_avatar WHERE guildUUID=4078610036485390337.
   DEBUG      dbmgr01 1001 400001  [2025-09-02 13:04:40 799] - Dbmgr::DBTaskExecuteRawDatabaseCommand::presentMainThread: SELECT gbId FROM game_guild_avatar WHERE guildUUID=4078610036485390337.
   DEBUG      dbmgr01 1001 400001  [2025-09-02 13:05:40 798] - Dbmgr::DBTaskExecuteRawDatabaseCommand::presentMainThread: SELECT gbId FROM game_guild_avatar WHERE guildUUID=4078610036485390337.
   DEBUG      dbmgr01 1001 400001  [2025-09-02 13:06:40 799] - Dbmgr::DBTaskExecuteRawDatabaseCommand::presentMainThread: SELECT gbId FROM game_guild_avatar WHERE guildUUID=4078610036485390337.
   DEBUG      dbmgr01 1001 400001  [2025-09-02 13:07:40 798] - Dbmgr::DBTaskExecuteRawDatabaseCommand::presentMainThread: SELECT gbId FROM game_guild_avatar WHERE guildUUID=4078610036485390337.
   DEBUG      dbmgr01 1001 400001  [2025-09-02 13:08:13 299] - Dbmgr::DBTaskServerLog()
   DEBUG      dbmgr01 1001 400001  [2025-09-02 13:08:40 798] - Dbmgr::DBTaskExecuteRawDatabaseCommand::presentMainThread: SELECT gbId FROM game_guild_avatar WHERE guildUUID=4078610036485390337.
   DEBUG      dbmgr01 1001 400001  [2025-09-02 13:09:40 798] - Dbmgr::DBTaskExecuteRawDatabaseCommand::presentMainThread: SELECT gbId FROM game_guild_avatar WHERE guildUUID=4078610036485390337.
   DEBUG      dbmgr01 1001 400001  [2025-09-02 13:10:40 797] - Dbmgr::DBTaskExecuteRawDatabaseCommand::presentMainThread: SELECT gbId FROM game_guild_avatar WHERE guildUUID=4078610036485390337.
   DEBUG      dbmgr01 1001 400001  [2025-09-02 13:11:40 796] - Dbmgr::DBTaskExecuteRawDatabaseCommand::presentMainThread: SELECT gbId FROM game_guild_avatar WHERE guildUUID=4078610036485390337.
   DEBUG      dbmgr01 1001 400001  [2025-09-02 13:12:40 796] - Dbmgr::DBTaskExecuteRawDatabaseCommand::presentMainThread: SELECT gbId FROM game_guild_avatar WHERE guildUUID=4078610036485390337.
   DEBUG      dbmgr01 1001 400001  [2025-09-02 13:13:40 796] - Dbmgr::DBTaskExecuteRawDatabaseCommand::presentMainThread: SELECT gbId FROM game_guild_avatar WHERE guildUUID=4078610036485390337.
   DEBUG      dbmgr01 1001 400001  [2025-09-02 13:14:40 796] - Dbmgr::DBTaskExecuteRawDatabaseCommand::presentMainThread: SELECT gbId FROM game_guild_avatar WHERE guildUUID=4078610036485390337.
   DEBUG      dbmgr01 1001 400001  [2025-09-02 13:15:40 796] - Dbmgr::DBTaskExecuteRawDatabaseCommand::presentMainThread: SELECT gbId FROM game_guild_avatar WHERE guildUUID=4078610036485390337.
   DEBUG      dbmgr01 1001 400001  [2025-09-02 13:16:40 795] - Dbmgr::DBTaskExecuteRawDatabaseCommand::presentMainThread: SELECT gbId FROM game_guild_avatar WHERE guildUUID=4078610036485390337.
   DEBUG      dbmgr01 1001 400001  [2025-09-02 13:17:40 795] - Dbmgr::DBTaskExecuteRawDatabaseCommand::presentMainThread: SELECT gbId FROM game_guild_avatar WHERE guildUUID=4078610036485390337.
   DEBUG      dbmgr01 1001 400001  [2025-09-02 13:18:40 795] - Dbmgr::DBTaskExecuteRawDatabaseCommand::presentMainThread: SELECT gbId FROM game_guild_avatar WHERE guildUUID=4078610036485390337.
   DEBUG      dbmgr01 1001 400001  [2025-09-02 13:19:40 795] - Dbmgr::DBTaskExecuteRawDatabaseCommand::presentMainThread: SELECT gbId FROM game_guild_avatar WHERE guildUUID=4078610036485390337.
   DEBUG      dbmgr01 1001 400001  [2025-09-02 13:20:40 794] - Dbmgr::DBTaskExecuteRawDatabaseCommand::presentMainThread: SELECT gbId FROM game_guild_avatar WHERE guildUUID=4078610036485390337.
   DEBUG      dbmgr01 1001 400001  [2025-09-02 13:21:40 794] - Dbmgr::DBTaskExecuteRawDatabaseCommand::presentMainThread: SELECT gbId FROM game_guild_avatar WHERE guildUUID=4078610036485390337.
   DEBUG      dbmgr01 1001 400001  [2025-09-02 13:22:40 794] - Dbmgr::DBTaskExecuteRawDatabaseCommand::presentMainThread: SELECT gbId FROM game_guild_avatar WHERE guildUUID=4078610036485390337.
   DEBUG      dbmgr01 1001 400001  [2025-09-02 13:23:40 794] - Dbmgr::DBTaskExecuteRawDatabaseCommand::presentMainThread: SELECT gbId FROM game_guild_avatar WHERE guildUUID=4078610036485390337.
   DEBUG      dbmgr01 1001 400001  [2025-09-02 13:24:40 794] - Dbmgr::DBTaskExecuteRawDatabaseCommand::presentMainThread: SELECT gbId FROM game_guild_avatar WHERE guildUUID=4078610036485390337.
   DEBUG      dbmgr01 1001 400001  [2025-09-02 13:25:40 793] - Dbmgr::DBTaskExecuteRawDatabaseCommand::presentMainThread: SELECT gbId FROM game_guild_avatar WHERE guildUUID=4078610036485390337.
   DEBUG      dbmgr01 1001 400001  [2025-09-02 13:26:40 793] - Dbmgr::DBTaskExecuteRawDatabaseCommand::presentMainThread: SELECT gbId FROM game_guild_avatar WHERE guildUUID=4078610036485390337.
   DEBUG      dbmgr01 1001 400001  [2025-09-02 13:27:40 793] - Dbmgr::DBTaskExecuteRawDatabaseCommand::presentMainThread: SELECT gbId FROM game_guild_avatar WHERE guildUUID=4078610036485390337.
   DEBUG      dbmgr01 1001 400001  [2025-09-02 13:28:40 793] - Dbmgr::DBTaskExecuteRawDatabaseCommand::presentMainThread: SELECT gbId FROM game_guild_avatar WHERE guildUUID=4078610036485390337.
   DEBUG      dbmgr01 1001 400001  [2025-09-02 13:29:40 792] - Dbmgr::DBTaskExecuteRawDatabaseCommand::presentMainThread: SELECT gbId FROM game_guild_avatar WHERE guildUUID=4078610036485390337.
   DEBUG      dbmgr01 1001 400001  [2025-09-02 13:30:40 793] - Dbmgr::DBTaskExecuteRawDatabaseCommand::presentMainThread: SELECT gbId FROM game_guild_avatar WHERE guildUUID=4078610036485390337.
   DEBUG      dbmgr01 1001 400001  [2025-09-02 13:31:40 791] - Dbmgr::DBTaskExecuteRawDatabaseCommand::presentMainThread: SELECT gbId FROM game_guild_avatar WHERE guildUUID=4078610036485390337.
   DEBUG      dbmgr01 1001 400001  [2025-09-02 13:32:40 792] - Dbmgr::DBTaskExecuteRawDatabaseCommand::presentMainThread: SELECT gbId FROM game_guild_avatar WHERE guildUUID=4078610036485390337.
   DEBUG      dbmgr01 1001 400001  [2025-09-02 13:33:40 792] - Dbmgr::DBTaskExecuteRawDatabaseCommand::presentMainThread: SELECT gbId FROM game_guild_avatar WHERE guildUUID=4078610036485390337.
   DEBUG      dbmgr01 1001 400001  [2025-09-02 13:34:40 791] - Dbmgr::DBTaskExecuteRawDatabaseCommand::presentMainThread: SELECT gbId FROM game_guild_avatar WHERE guildUUID=4078610036485390337.
   DEBUG      dbmgr01 1001 400001  [2025-09-02 13:35:40 791] - Dbmgr::DBTaskExecuteRawDatabaseCommand::presentMainThread: SELECT gbId FROM game_guild_avatar WHERE guildUUID=4078610036485390337.
   DEBUG      dbmgr01 1001 400001  [2025-09-02 13:36:40 790] - Dbmgr::DBTaskExecuteRawDatabaseCommand::presentMainThread: SELECT gbId FROM game_guild_avatar WHERE guildUUID=4078610036485390337.
   DEBUG      dbmgr01 1001 400001  [2025-09-02 13:37:40 791] - Dbmgr::DBTaskExecuteRawDatabaseCommand::presentMainThread: SELECT gbId FROM game_guild_avatar WHERE guildUUID=4078610036485390337.
   DEBUG      dbmgr01 1001 400001  [2025-09-02 13:38:40 791] - Dbmgr::DBTaskExecuteRawDatabaseCommand::presentMainThread: SELECT gbId FROM game_guild_avatar WHERE guildUUID=4078610036485390337.
   DEBUG      dbmgr01 1001 400001  [2025-09-02 13:39:40 790] - Dbmgr::DBTaskExecuteRawDatabaseCommand::presentMainThread: SELECT gbId FROM game_guild_avatar WHERE guildUUID=4078610036485390337.
   DEBUG      dbmgr01 1001 400001  [2025-09-02 13:40:40 790] - Dbmgr::DBTaskExecuteRawDatabaseCommand::presentMainThread: SELECT gbId FROM game_guild_avatar WHERE guildUUID=4078610036485390337.
   DEBUG      dbmgr01 1001 400001  [2025-09-02 13:41:40 790] - Dbmgr::DBTaskExecuteRawDatabaseCommand::presentMainThread: SELECT gbId FROM game_guild_avatar WHERE guildUUID=4078610036485390337.
   DEBUG      dbmgr01 1001 400001  [2025-09-02 13:42:40 790] - Dbmgr::DBTaskExecuteRawDatabaseCommand::presentMainThread: SELECT gbId FROM game_guild_avatar WHERE guildUUID=4078610036485390337.
   DEBUG      dbmgr01 1001 400001  [2025-09-02 13:43:40 791] - Dbmgr::DBTaskExecuteRawDatabaseCommand::presentMainThread: SELECT gbId FROM game_guild_avatar WHERE guildUUID=4078610036485390337.
   DEBUG      dbmgr01 1001 400001  [2025-09-02 13:44:40 792] - Dbmgr::DBTaskExecuteRawDatabaseCommand::presentMainThread: SELECT gbId FROM game_guild_avatar WHERE guildUUID=4078610036485390337.
   DEBUG      dbmgr01 1001 400001  [2025-09-02 13:45:40 792] - Dbmgr::DBTaskExecuteRawDatabaseCommand::presentMainThread: SELECT gbId FROM game_guild_avatar WHERE guildUUID=4078610036485390337.
   DEBUG      dbmgr01 1001 400001  [2025-09-02 13:46:40 793] - Dbmgr::DBTaskExecuteRawDatabaseCommand::presentMainThread: SELECT gbId FROM game_guild_avatar WHERE guildUUID=4078610036485390337.
   DEBUG      dbmgr01 1001 400001  [2025-09-02 13:47:40 795] - Dbmgr::DBTaskExecuteRawDatabaseCommand::presentMainThread: SELECT gbId FROM game_guild_avatar WHERE guildUUID=4078610036485390337.
   DEBUG      dbmgr01 1001 400001  [2025-09-02 13:48:40 795] - Dbmgr::DBTaskExecuteRawDatabaseCommand::presentMainThread: SELECT gbId FROM game_guild_avatar WHERE guildUUID=4078610036485390337.
   DEBUG      dbmgr01 1001 400001  [2025-09-02 13:49:40 795] - Dbmgr::DBTaskExecuteRawDatabaseCommand::presentMainThread: SELECT gbId FROM game_guild_avatar WHERE guildUUID=4078610036485390337.
   DEBUG      dbmgr01 1001 400001  [2025-09-02 13:50:40 795] - Dbmgr::DBTaskExecuteRawDatabaseCommand::presentMainThread: SELECT gbId FROM game_guild_avatar WHERE guildUUID=4078610036485390337.
   DEBUG      dbmgr01 1001 400001  [2025-09-02 13:51:40 796] - Dbmgr::DBTaskExecuteRawDatabaseCommand::presentMainThread: SELECT gbId FROM game_guild_avatar WHERE guildUUID=4078610036485390337.
   DEBUG      dbmgr01 1001 400001  [2025-09-02 13:52:40 797] - Dbmgr::DBTaskExecuteRawDatabaseCommand::presentMainThread: SELECT gbId FROM game_guild_avatar WHERE guildUUID=4078610036485390337.
   DEBUG      dbmgr01 1001 400001  [2025-09-02 13:53:40 797] - Dbmgr::DBTaskExecuteRawDatabaseCommand::presentMainThread: SELECT gbId FROM game_guild_avatar WHERE guildUUID=4078610036485390337.
   DEBUG      dbmgr01 1001 400001  [2025-09-02 13:54:40 797] - Dbmgr::DBTaskExecuteRawDatabaseCommand::presentMainThread: SELECT gbId FROM game_guild_avatar WHERE guildUUID=4078610036485390337.
   DEBUG      dbmgr01 1001 400001  [2025-09-02 13:55:40 797] - Dbmgr::DBTaskExecuteRawDatabaseCommand::presentMainThread: SELECT gbId FROM game_guild_avatar WHERE guildUUID=4078610036485390337.
   DEBUG      dbmgr01 1001 400001  [2025-09-02 13:56:40 797] - Dbmgr::DBTaskExecuteRawDatabaseCommand::presentMainThread: SELECT gbId FROM game_guild_avatar WHERE guildUUID=4078610036485390337.
   DEBUG      dbmgr01 1001 400001  [2025-09-02 13:57:40 818] - Dbmgr::DBTaskExecuteRawDatabaseCommand::presentMainThread: SELECT gbId FROM game_guild_avatar WHERE guildUUID=4078610036485390337.
   DEBUG      dbmgr01 1001 400001  [2025-09-02 13:58:40 798] - Dbmgr::DBTaskExecuteRawDatabaseCommand::presentMainThread: SELECT gbId FROM game_guild_avatar WHERE guildUUID=4078610036485390337.
   DEBUG      dbmgr01 1001 400001  [2025-09-02 13:59:40 798] - Dbmgr::DBTaskExecuteRawDatabaseCommand::presentMainThread: SELECT gbId FROM game_guild_avatar WHERE guildUUID=4078610036485390337.
   DEBUG      dbmgr01 1001 400001  [2025-09-02 14:00:40 798] - Dbmgr::DBTaskExecuteRawDatabaseCommand::presentMainThread: SELECT gbId FROM game_guild_avatar WHERE guildUUID=4078610036485390337.
   DEBUG      dbmgr01 1001 400001  [2025-09-02 14:01:40 798] - Dbmgr::DBTaskExecuteRawDatabaseCommand::presentMainThread: SELECT gbId FROM game_guild_avatar WHERE guildUUID=4078610036485390337.
   DEBUG      dbmgr01 1001 400001  [2025-09-02 14:02:40 798] - Dbmgr::DBTaskExecuteRawDatabaseCommand::presentMainThread: SELECT gbId FROM game_guild_avatar WHERE guildUUID=4078610036485390337.
   DEBUG      dbmgr01 1001 400001  [2025-09-02 14:03:40 798] - Dbmgr::DBTaskExecuteRawDatabaseCommand::presentMainThread: SELECT gbId FROM game_guild_avatar WHERE guildUUID=4078610036485390337.
   DEBUG      dbmgr01 1001 400001  [2025-09-02 14:04:40 798] - Dbmgr::DBTaskExecuteRawDatabaseCommand::presentMainThread: SELECT gbId FROM game_guild_avatar WHERE guildUUID=4078610036485390337.
   DEBUG      dbmgr01 1001 400001  [2025-09-02 14:05:40 797] - Dbmgr::DBTaskExecuteRawDatabaseCommand::presentMainThread: SELECT gbId FROM game_guild_avatar WHERE guildUUID=4078610036485390337.
   DEBUG      dbmgr01 1001 400001  [2025-09-02 14:06:40 799] - Dbmgr::DBTaskExecuteRawDatabaseCommand::presentMainThread: SELECT gbId FROM game_guild_avatar WHERE guildUUID=4078610036485390337.
   DEBUG      dbmgr01 1001 400001  [2025-09-02 14:07:40 798] - Dbmgr::DBTaskExecuteRawDatabaseCommand::presentMainThread: SELECT gbId FROM game_guild_avatar WHERE guildUUID=4078610036485390337.
   DEBUG      dbmgr01 1001 400001  [2025-09-02 14:08:13 318] - Dbmgr::DBTaskServerLog()
   DEBUG      dbmgr01 1001 400001  [2025-09-02 14:08:40 798] - Dbmgr::DBTaskExecuteRawDatabaseCommand::presentMainThread: SELECT gbId FROM game_guild_avatar WHERE guildUUID=4078610036485390337.
   DEBUG      dbmgr01 1001 400001  [2025-09-02 14:09:40 798] - Dbmgr::DBTaskExecuteRawDatabaseCommand::presentMainThread: SELECT gbId FROM game_guild_avatar WHERE guildUUID=4078610036485390337.
   DEBUG      dbmgr01 1001 400001  [2025-09-02 14:10:40 798] - Dbmgr::DBTaskExecuteRawDatabaseCommand::presentMainThread: SELECT gbId FROM game_guild_avatar WHERE guildUUID=4078610036485390337.
   DEBUG      dbmgr01 1001 400001  [2025-09-02 14:11:40 798] - Dbmgr::DBTaskExecuteRawDatabaseCommand::presentMainThread: SELECT gbId FROM game_guild_avatar WHERE guildUUID=4078610036485390337.
   DEBUG      dbmgr01 1001 400001  [2025-09-02 14:12:40 798] - Dbmgr::DBTaskExecuteRawDatabaseCommand::presentMainThread: SELECT gbId FROM game_guild_avatar WHERE guildUUID=4078610036485390337.
   DEBUG      dbmgr01 1001 400001  [2025-09-02 14:13:40 798] - Dbmgr::DBTaskExecuteRawDatabaseCommand::presentMainThread: SELECT gbId FROM game_guild_avatar WHERE guildUUID=4078610036485390337.
   DEBUG      dbmgr01 1001 400001  [2025-09-02 14:14:40 798] - Dbmgr::DBTaskExecuteRawDatabaseCommand::presentMainThread: SELECT gbId FROM game_guild_avatar WHERE guildUUID=4078610036485390337.
   DEBUG      dbmgr01 1001 400001  [2025-09-02 14:15:40 798] - Dbmgr::DBTaskExecuteRawDatabaseCommand::presentMainThread: SELECT gbId FROM game_guild_avatar WHERE guildUUID=4078610036485390337.
   DEBUG      dbmgr01 1001 400001  [2025-09-02 14:16:40 796] - Dbmgr::DBTaskExecuteRawDatabaseCommand::presentMainThread: SELECT gbId FROM game_guild_avatar WHERE guildUUID=4078610036485390337.
   DEBUG      dbmgr01 1001 400001  [2025-09-02 14:17:40 795] - Dbmgr::DBTaskExecuteRawDatabaseCommand::presentMainThread: SELECT gbId FROM game_guild_avatar WHERE guildUUID=4078610036485390337.
   DEBUG      dbmgr01 1001 400001  [2025-09-02 14:18:40 793] - Dbmgr::DBTaskExecuteRawDatabaseCommand::presentMainThread: SELECT gbId FROM game_guild_avatar WHERE guildUUID=4078610036485390337.
   DEBUG      dbmgr01 1001 400001  [2025-09-02 14:19:40 792] - Dbmgr::DBTaskExecuteRawDatabaseCommand::presentMainThread: SELECT gbId FROM game_guild_avatar WHERE guildUUID=4078610036485390337.
   DEBUG      dbmgr01 1001 400001  [2025-09-02 14:20:40 790] - Dbmgr::DBTaskExecuteRawDatabaseCommand::presentMainThread: SELECT gbId FROM game_guild_avatar WHERE guildUUID=4078610036485390337.
   DEBUG      dbmgr01 1001 400001  [2025-09-02 14:21:40 789] - Dbmgr::DBTaskExecuteRawDatabaseCommand::presentMainThread: SELECT gbId FROM game_guild_avatar WHERE guildUUID=4078610036485390337.
   DEBUG      dbmgr01 1001 400001  [2025-09-02 14:22:40 788] - Dbmgr::DBTaskExecuteRawDatabaseCommand::presentMainThread: SELECT gbId FROM game_guild_avatar WHERE guildUUID=4078610036485390337.
   DEBUG      dbmgr01 1001 400001  [2025-09-02 14:23:40 787] - Dbmgr::DBTaskExecuteRawDatabaseCommand::presentMainThread: SELECT gbId FROM game_guild_avatar WHERE guildUUID=4078610036485390337.
   DEBUG      dbmgr01 1001 400001  [2025-09-02 14:24:40 786] - Dbmgr::DBTaskExecuteRawDatabaseCommand::presentMainThread: SELECT gbId FROM game_guild_avatar WHERE guildUUID=4078610036485390337.
   DEBUG      dbmgr01 1001 400001  [2025-09-02 14:25:40 785] - Dbmgr::DBTaskExecuteRawDatabaseCommand::presentMainThread: SELECT gbId FROM game_guild_avatar WHERE guildUUID=4078610036485390337.
   DEBUG      dbmgr01 1001 400001  [2025-09-02 14:26:40 785] - Dbmgr::DBTaskExecuteRawDatabaseCommand::presentMainThread: SELECT gbId FROM game_guild_avatar WHERE guildUUID=4078610036485390337.
   DEBUG      dbmgr01 1001 400001  [2025-09-02 14:27:40 784] - Dbmgr::DBTaskExecuteRawDatabaseCommand::presentMainThread: SELECT gbId FROM game_guild_avatar WHERE guildUUID=4078610036485390337.
   DEBUG      dbmgr01 1001 400001  [2025-09-02 14:28:40 782] - Dbmgr::DBTaskExecuteRawDatabaseCommand::presentMainThread: SELECT gbId FROM game_guild_avatar WHERE guildUUID=4078610036485390337.
   DEBUG      dbmgr01 1001 400001  [2025-09-02 14:29:40 782] - Dbmgr::DBTaskExecuteRawDatabaseCommand::presentMainThread: SELECT gbId FROM game_guild_avatar WHERE guildUUID=4078610036485390337.
   DEBUG      dbmgr01 1001 400001  [2025-09-02 14:30:40 782] - Dbmgr::DBTaskExecuteRawDatabaseCommand::presentMainThread: SELECT gbId FROM game_guild_avatar WHERE guildUUID=4078610036485390337.
   DEBUG      dbmgr01 1001 400001  [2025-09-02 14:31:40 781] - Dbmgr::DBTaskExecuteRawDatabaseCommand::presentMainThread: SELECT gbId FROM game_guild_avatar WHERE guildUUID=4078610036485390337.
   DEBUG      dbmgr01 1001 400001  [2025-09-02 14:32:40 780] - Dbmgr::DBTaskExecuteRawDatabaseCommand::presentMainThread: SELECT gbId FROM game_guild_avatar WHERE guildUUID=4078610036485390337.
   DEBUG      dbmgr01 1001 400001  [2025-09-02 14:33:40 780] - Dbmgr::DBTaskExecuteRawDatabaseCommand::presentMainThread: SELECT gbId FROM game_guild_avatar WHERE guildUUID=4078610036485390337.
   DEBUG      dbmgr01 1001 400001  [2025-09-02 14:34:40 778] - Dbmgr::DBTaskExecuteRawDatabaseCommand::presentMainThread: SELECT gbId FROM game_guild_avatar WHERE guildUUID=4078610036485390337.
   DEBUG      dbmgr01 1001 400001  [2025-09-02 14:35:40 779] - Dbmgr::DBTaskExecuteRawDatabaseCommand::presentMainThread: SELECT gbId FROM game_guild_avatar WHERE guildUUID=4078610036485390337.
   DEBUG      dbmgr01 1001 400001  [2025-09-02 14:36:40 778] - Dbmgr::DBTaskExecuteRawDatabaseCommand::presentMainThread: SELECT gbId FROM game_guild_avatar WHERE guildUUID=4078610036485390337.
   DEBUG      dbmgr01 1001 400001  [2025-09-02 14:37:40 778] - Dbmgr::DBTaskExecuteRawDatabaseCommand::presentMainThread: SELECT gbId FROM game_guild_avatar WHERE guildUUID=4078610036485390337.
   DEBUG      dbmgr01 1001 400001  [2025-09-02 14:38:40 777] - Dbmgr::DBTaskExecuteRawDatabaseCommand::presentMainThread: SELECT gbId FROM game_guild_avatar WHERE guildUUID=4078610036485390337.
   DEBUG      dbmgr01 1001 400001  [2025-09-02 14:39:40 778] - Dbmgr::DBTaskExecuteRawDatabaseCommand::presentMainThread: SELECT gbId FROM game_guild_avatar WHERE guildUUID=4078610036485390337.
   DEBUG      dbmgr01 1001 400001  [2025-09-02 14:40:40 776] - Dbmgr::DBTaskExecuteRawDatabaseCommand::presentMainThread: SELECT gbId FROM game_guild_avatar WHERE guildUUID=4078610036485390337.
   DEBUG      dbmgr01 1001 400001  [2025-09-02 14:41:40 776] - Dbmgr::DBTaskExecuteRawDatabaseCommand::presentMainThread: SELECT gbId FROM game_guild_avatar WHERE guildUUID=4078610036485390337.
   DEBUG      dbmgr01 1001 400001  [2025-09-02 14:42:40 775] - Dbmgr::DBTaskExecuteRawDatabaseCommand::presentMainThread: SELECT gbId FROM game_guild_avatar WHERE guildUUID=4078610036485390337.
   DEBUG      dbmgr01 1001 400001  [2025-09-02 14:43:40 775] - Dbmgr::DBTaskExecuteRawDatabaseCommand::presentMainThread: SELECT gbId FROM game_guild_avatar WHERE guildUUID=4078610036485390337.
   DEBUG      dbmgr01 1001 400001  [2025-09-02 14:44:40 774] - Dbmgr::DBTaskExecuteRawDatabaseCommand::presentMainThread: SELECT gbId FROM game_guild_avatar WHERE guildUUID=4078610036485390337.
   DEBUG      dbmgr01 1001 400001  [2025-09-02 14:45:40 774] - Dbmgr::DBTaskExecuteRawDatabaseCommand::presentMainThread: SELECT gbId FROM game_guild_avatar WHERE guildUUID=4078610036485390337.
   DEBUG      dbmgr01 1001 400001  [2025-09-02 14:46:40 774] - Dbmgr::DBTaskExecuteRawDatabaseCommand::presentMainThread: SELECT gbId FROM game_guild_avatar WHERE guildUUID=4078610036485390337.
   DEBUG      dbmgr01 1001 400001  [2025-09-02 14:47:40 773] - Dbmgr::DBTaskExecuteRawDatabaseCommand::presentMainThread: SELECT gbId FROM game_guild_avatar WHERE guildUUID=4078610036485390337.
   DEBUG      dbmgr01 1001 400001  [2025-09-02 14:48:40 772] - Dbmgr::DBTaskExecuteRawDatabaseCommand::presentMainThread: SELECT gbId FROM game_guild_avatar WHERE guildUUID=4078610036485390337.
   DEBUG      dbmgr01 1001 400001  [2025-09-02 14:49:40 772] - Dbmgr::DBTaskExecuteRawDatabaseCommand::presentMainThread: SELECT gbId FROM game_guild_avatar WHERE guildUUID=4078610036485390337.
   DEBUG      dbmgr01 1001 400001  [2025-09-02 14:50:40 773] - Dbmgr::DBTaskExecuteRawDatabaseCommand::presentMainThread: SELECT gbId FROM game_guild_avatar WHERE guildUUID=4078610036485390337.
   DEBUG      dbmgr01 1001 400001  [2025-09-02 14:51:40 774] - Dbmgr::DBTaskExecuteRawDatabaseCommand::presentMainThread: SELECT gbId FROM game_guild_avatar WHERE guildUUID=4078610036485390337.
   DEBUG      dbmgr01 1001 400001  [2025-09-02 14:52:40 775] - Dbmgr::DBTaskExecuteRawDatabaseCommand::presentMainThread: SELECT gbId FROM game_guild_avatar WHERE guildUUID=4078610036485390337.
   DEBUG      dbmgr01 1001 400001  [2025-09-02 14:53:40 777] - Dbmgr::DBTaskExecuteRawDatabaseCommand::presentMainThread: SELECT gbId FROM game_guild_avatar WHERE guildUUID=4078610036485390337.
   DEBUG      dbmgr01 1001 400001  [2025-09-02 14:54:40 777] - Dbmgr::DBTaskExecuteRawDatabaseCommand::presentMainThread: SELECT gbId FROM game_guild_avatar WHERE guildUUID=4078610036485390337.
   DEBUG      dbmgr01 1001 400001  [2025-09-02 14:55:40 778] - Dbmgr::DBTaskExecuteRawDatabaseCommand::presentMainThread: SELECT gbId FROM game_guild_avatar WHERE guildUUID=4078610036485390337.
   DEBUG      dbmgr01 1001 400001  [2025-09-02 14:56:40 779] - Dbmgr::DBTaskExecuteRawDatabaseCommand::presentMainThread: SELECT gbId FROM game_guild_avatar WHERE guildUUID=4078610036485390337.
   DEBUG      dbmgr01 1001 400001  [2025-09-02 14:57:40 779] - Dbmgr::DBTaskExecuteRawDatabaseCommand::presentMainThread: SELECT gbId FROM game_guild_avatar WHERE guildUUID=4078610036485390337.
   DEBUG      dbmgr01 1001 400001  [2025-09-02 14:58:40 780] - Dbmgr::DBTaskExecuteRawDatabaseCommand::presentMainThread: SELECT gbId FROM game_guild_avatar WHERE guildUUID=4078610036485390337.
   DEBUG      dbmgr01 1001 400001  [2025-09-02 14:59:40 781] - Dbmgr::DBTaskExecuteRawDatabaseCommand::presentMainThread: SELECT gbId FROM game_guild_avatar WHERE guildUUID=4078610036485390337.
   DEBUG      dbmgr01 1001 400001  [2025-09-02 15:00:40 781] - Dbmgr::DBTaskExecuteRawDatabaseCommand::presentMainThread: SELECT gbId FROM game_guild_avatar WHERE guildUUID=4078610036485390337.
   DEBUG      dbmgr01 1001 400001  [2025-09-02 15:01:40 780] - Dbmgr::DBTaskExecuteRawDatabaseCommand::presentMainThread: SELECT gbId FROM game_guild_avatar WHERE guildUUID=4078610036485390337.
   DEBUG      dbmgr01 1001 400001  [2025-09-02 15:02:40 780] - Dbmgr::DBTaskExecuteRawDatabaseCommand::presentMainThread: SELECT gbId FROM game_guild_avatar WHERE guildUUID=4078610036485390337.
   DEBUG      dbmgr01 1001 400001  [2025-09-02 15:03:40 781] - Dbmgr::DBTaskExecuteRawDatabaseCommand::presentMainThread: SELECT gbId FROM game_guild_avatar WHERE guildUUID=4078610036485390337.
   DEBUG      dbmgr01 1001 400001  [2025-09-02 15:04:40 781] - Dbmgr::DBTaskExecuteRawDatabaseCommand::presentMainThread: SELECT gbId FROM game_guild_avatar WHERE guildUUID=4078610036485390337.
   DEBUG      dbmgr01 1001 400001  [2025-09-02 15:05:40 782] - Dbmgr::DBTaskExecuteRawDatabaseCommand::presentMainThread: SELECT gbId FROM game_guild_avatar WHERE guildUUID=4078610036485390337.
   DEBUG      dbmgr01 1001 400001  [2025-09-02 15:06:40 782] - Dbmgr::DBTaskExecuteRawDatabaseCommand::presentMainThread: SELECT gbId FROM game_guild_avatar WHERE guildUUID=4078610036485390337.
   DEBUG      dbmgr01 1001 400001  [2025-09-02 15:07:40 781] - Dbmgr::DBTaskExecuteRawDatabaseCommand::presentMainThread: SELECT gbId FROM game_guild_avatar WHERE guildUUID=4078610036485390337.
   DEBUG      dbmgr01 1001 400001  [2025-09-02 15:08:13 282] - Dbmgr::DBTaskServerLog()
   DEBUG      dbmgr01 1001 400001  [2025-09-02 15:08:40 782] - Dbmgr::DBTaskExecuteRawDatabaseCommand::presentMainThread: SELECT gbId FROM game_guild_avatar WHERE guildUUID=4078610036485390337.
   DEBUG      dbmgr01 1001 400001  [2025-09-02 15:09:40 782] - Dbmgr::DBTaskExecuteRawDatabaseCommand::presentMainThread: SELECT gbId FROM game_guild_avatar WHERE guildUUID=4078610036485390337.
   DEBUG      dbmgr01 1001 400001  [2025-09-02 15:10:40 782] - Dbmgr::DBTaskExecuteRawDatabaseCommand::presentMainThread: SELECT gbId FROM game_guild_avatar WHERE guildUUID=4078610036485390337.
   DEBUG      dbmgr01 1001 400001  [2025-09-02 15:11:40 782] - Dbmgr::DBTaskExecuteRawDatabaseCommand::presentMainThread: SELECT gbId FROM game_guild_avatar WHERE guildUUID=4078610036485390337.
   DEBUG      dbmgr01 1001 400001  [2025-09-02 15:12:40 782] - Dbmgr::DBTaskExecuteRawDatabaseCommand::presentMainThread: SELECT gbId FROM game_guild_avatar WHERE guildUUID=4078610036485390337.
   DEBUG      dbmgr01 1001 400001  [2025-09-02 15:13:40 781] - Dbmgr::DBTaskExecuteRawDatabaseCommand::presentMainThread: SELECT gbId FROM game_guild_avatar WHERE guildUUID=4078610036485390337.
   DEBUG      dbmgr01 1001 400001  [2025-09-02 15:14:40 782] - Dbmgr::DBTaskExecuteRawDatabaseCommand::presentMainThread: SELECT gbId FROM game_guild_avatar WHERE guildUUID=4078610036485390337.
   DEBUG      dbmgr01 1001 400001  [2025-09-02 15:15:40 781] - Dbmgr::DBTaskExecuteRawDatabaseCommand::presentMainThread: SELECT gbId FROM game_guild_avatar WHERE guildUUID=4078610036485390337.
   DEBUG      dbmgr01 1001 400001  [2025-09-02 15:16:40 782] - Dbmgr::DBTaskExecuteRawDatabaseCommand::presentMainThread: SELECT gbId FROM game_guild_avatar WHERE guildUUID=4078610036485390337.
   DEBUG      dbmgr01 1001 400001  [2025-09-02 15:17:40 781] - Dbmgr::DBTaskExecuteRawDatabaseCommand::presentMainThread: SELECT gbId FROM game_guild_avatar WHERE guildUUID=4078610036485390337.
   DEBUG      dbmgr01 1001 400001  [2025-09-02 15:18:40 782] - Dbmgr::DBTaskExecuteRawDatabaseCommand::presentMainThread: SELECT gbId FROM game_guild_avatar WHERE guildUUID=4078610036485390337.
   DEBUG      dbmgr01 1001 400001  [2025-09-02 15:19:40 781] - Dbmgr::DBTaskExecuteRawDatabaseCommand::presentMainThread: SELECT gbId FROM game_guild_avatar WHERE guildUUID=4078610036485390337.
   DEBUG      dbmgr01 1001 400001  [2025-09-02 15:20:40 780] - Dbmgr::DBTaskExecuteRawDatabaseCommand::presentMainThread: SELECT gbId FROM game_guild_avatar WHERE guildUUID=4078610036485390337.
   DEBUG      dbmgr01 1001 400001  [2025-09-02 15:21:40 781] - Dbmgr::DBTaskExecuteRawDatabaseCommand::presentMainThread: SELECT gbId FROM game_guild_avatar WHERE guildUUID=4078610036485390337.
   DEBUG      dbmgr01 1001 400001  [2025-09-02 15:22:40 781] - Dbmgr::DBTaskExecuteRawDatabaseCommand::presentMainThread: SELECT gbId FROM game_guild_avatar WHERE guildUUID=4078610036485390337.
   DEBUG      dbmgr01 1001 400001  [2025-09-02 15:23:40 781] - Dbmgr::DBTaskExecuteRawDatabaseCommand::presentMainThread: SELECT gbId FROM game_guild_avatar WHERE guildUUID=4078610036485390337.
   DEBUG      dbmgr01 1001 400001  [2025-09-02 15:24:40 781] - Dbmgr::DBTaskExecuteRawDatabaseCommand::presentMainThread: SELECT gbId FROM game_guild_avatar WHERE guildUUID=4078610036485390337.
   DEBUG      dbmgr01 1001 400001  [2025-09-02 15:25:40 780] - Dbmgr::DBTaskExecuteRawDatabaseCommand::presentMainThread: SELECT gbId FROM game_guild_avatar WHERE guildUUID=4078610036485390337.
   DEBUG      dbmgr01 1001 400001  [2025-09-02 15:26:40 780] - Dbmgr::DBTaskExecuteRawDatabaseCommand::presentMainThread: SELECT gbId FROM game_guild_avatar WHERE guildUUID=4078610036485390337.
   DEBUG      dbmgr01 1001 400001  [2025-09-02 15:27:40 781] - Dbmgr::DBTaskExecuteRawDatabaseCommand::presentMainThread: SELECT gbId FROM game_guild_avatar WHERE guildUUID=4078610036485390337.
   DEBUG      dbmgr01 1001 400001  [2025-09-02 15:28:40 781] - Dbmgr::DBTaskExecuteRawDatabaseCommand::presentMainThread: SELECT gbId FROM game_guild_avatar WHERE guildUUID=4078610036485390337.
   DEBUG      dbmgr01 1001 400001  [2025-09-02 15:29:40 781] - Dbmgr::DBTaskExecuteRawDatabaseCommand::presentMainThread: SELECT gbId FROM game_guild_avatar WHERE guildUUID=4078610036485390337.
   DEBUG      dbmgr01 1001 400001  [2025-09-02 15:30:40 780] - Dbmgr::DBTaskExecuteRawDatabaseCommand::presentMainThread: SELECT gbId FROM game_guild_avatar WHERE guildUUID=4078610036485390337.
   DEBUG      dbmgr01 1001 400001  [2025-09-02 15:31:40 780] - Dbmgr::DBTaskExecuteRawDatabaseCommand::presentMainThread: SELECT gbId FROM game_guild_avatar WHERE guildUUID=4078610036485390337.
   DEBUG      dbmgr01 1001 400001  [2025-09-02 15:32:40 780] - Dbmgr::DBTaskExecuteRawDatabaseCommand::presentMainThread: SELECT gbId FROM game_guild_avatar WHERE guildUUID=4078610036485390337.
   DEBUG      dbmgr01 1001 400001  [2025-09-02 15:33:40 780] - Dbmgr::DBTaskExecuteRawDatabaseCommand::presentMainThread: SELECT gbId FROM game_guild_avatar WHERE guildUUID=4078610036485390337.
   DEBUG      dbmgr01 1001 400001  [2025-09-02 15:34:40 780] - Dbmgr::DBTaskExecuteRawDatabaseCommand::presentMainThread: SELECT gbId FROM game_guild_avatar WHERE guildUUID=4078610036485390337.
   DEBUG      dbmgr01 1001 400001  [2025-09-02 15:35:40 780] - Dbmgr::DBTaskExecuteRawDatabaseCommand::presentMainThread: SELECT gbId FROM game_guild_avatar WHERE guildUUID=4078610036485390337.
   DEBUG      dbmgr01 1001 400001  [2025-09-02 15:36:40 780] - Dbmgr::DBTaskExecuteRawDatabaseCommand::presentMainThread: SELECT gbId FROM game_guild_avatar WHERE guildUUID=4078610036485390337.
   DEBUG      dbmgr01 1001 400001  [2025-09-02 15:37:40 780] - Dbmgr::DBTaskExecuteRawDatabaseCommand::presentMainThread: SELECT gbId FROM game_guild_avatar WHERE guildUUID=4078610036485390337.
   DEBUG      dbmgr01 1001 400001  [2025-09-02 15:38:40 779] - Dbmgr::DBTaskExecuteRawDatabaseCommand::presentMainThread: SELECT gbId FROM game_guild_avatar WHERE guildUUID=4078610036485390337.
   DEBUG      dbmgr01 1001 400001  [2025-09-02 15:39:40 779] - Dbmgr::DBTaskExecuteRawDatabaseCommand::presentMainThread: SELECT gbId FROM game_guild_avatar WHERE guildUUID=4078610036485390337.
   DEBUG      dbmgr01 1001 400001  [2025-09-02 15:40:40 779] - Dbmgr::DBTaskExecuteRawDatabaseCommand::presentMainThread: SELECT gbId FROM game_guild_avatar WHERE guildUUID=4078610036485390337.
   DEBUG      dbmgr01 1001 400001  [2025-09-02 15:41:40 779] - Dbmgr::DBTaskExecuteRawDatabaseCommand::presentMainThread: SELECT gbId FROM game_guild_avatar WHERE guildUUID=4078610036485390337.
   DEBUG      dbmgr01 1001 400001  [2025-09-02 15:42:40 779] - Dbmgr::DBTaskExecuteRawDatabaseCommand::presentMainThread: SELECT gbId FROM game_guild_avatar WHERE guildUUID=4078610036485390337.
   DEBUG      dbmgr01 1001 400001  [2025-09-02 15:43:40 778] - Dbmgr::DBTaskExecuteRawDatabaseCommand::presentMainThread: SELECT gbId FROM game_guild_avatar WHERE guildUUID=4078610036485390337.
   DEBUG      dbmgr01 1001 400001  [2025-09-02 15:44:40 778] - Dbmgr::DBTaskExecuteRawDatabaseCommand::presentMainThread: SELECT gbId FROM game_guild_avatar WHERE guildUUID=4078610036485390337.
   DEBUG      dbmgr01 1001 400001  [2025-09-02 15:45:40 779] - Dbmgr::DBTaskExecuteRawDatabaseCommand::presentMainThread: SELECT gbId FROM game_guild_avatar WHERE guildUUID=4078610036485390337.
   DEBUG      dbmgr01 1001 400001  [2025-09-02 15:46:40 778] - Dbmgr::DBTaskExecuteRawDatabaseCommand::presentMainThread: SELECT gbId FROM game_guild_avatar WHERE guildUUID=4078610036485390337.
   DEBUG      dbmgr01 1001 400001  [2025-09-02 15:47:40 778] - Dbmgr::DBTaskExecuteRawDatabaseCommand::presentMainThread: SELECT gbId FROM game_guild_avatar WHERE guildUUID=4078610036485390337.
   DEBUG      dbmgr01 1001 400001  [2025-09-02 15:48:40 778] - Dbmgr::DBTaskExecuteRawDatabaseCommand::presentMainThread: SELECT gbId FROM game_guild_avatar WHERE guildUUID=4078610036485390337.
   DEBUG      dbmgr01 1001 400001  [2025-09-02 15:49:40 778] - Dbmgr::DBTaskExecuteRawDatabaseCommand::presentMainThread: SELECT gbId FROM game_guild_avatar WHERE guildUUID=4078610036485390337.
   DEBUG      dbmgr01 1001 400001  [2025-09-02 15:50:40 778] - Dbmgr::DBTaskExecuteRawDatabaseCommand::presentMainThread: SELECT gbId FROM game_guild_avatar WHERE guildUUID=4078610036485390337.
   DEBUG      dbmgr01 1001 400001  [2025-09-02 15:51:40 778] - Dbmgr::DBTaskExecuteRawDatabaseCommand::presentMainThread: SELECT gbId FROM game_guild_avatar WHERE guildUUID=4078610036485390337.
   DEBUG      dbmgr01 1001 400001  [2025-09-02 15:52:40 778] - Dbmgr::DBTaskExecuteRawDatabaseCommand::presentMainThread: SELECT gbId FROM game_guild_avatar WHERE guildUUID=4078610036485390337.
   DEBUG      dbmgr01 1001 400001  [2025-09-02 15:53:40 778] - Dbmgr::DBTaskExecuteRawDatabaseCommand::presentMainThread: SELECT gbId FROM game_guild_avatar WHERE guildUUID=4078610036485390337.
   DEBUG      dbmgr01 1001 400001  [2025-09-02 15:54:40 778] - Dbmgr::DBTaskExecuteRawDatabaseCommand::presentMainThread: SELECT gbId FROM game_guild_avatar WHERE guildUUID=4078610036485390337.
   DEBUG      dbmgr01 1001 400001  [2025-09-02 15:55:40 778] - Dbmgr::DBTaskExecuteRawDatabaseCommand::presentMainThread: SELECT gbId FROM game_guild_avatar WHERE guildUUID=4078610036485390337.
   DEBUG      dbmgr01 1001 400001  [2025-09-02 15:56:40 777] - Dbmgr::DBTaskExecuteRawDatabaseCommand::presentMainThread: SELECT gbId FROM game_guild_avatar WHERE guildUUID=4078610036485390337.
   DEBUG      dbmgr01 1001 400001  [2025-09-02 15:57:40 777] - Dbmgr::DBTaskExecuteRawDatabaseCommand::presentMainThread: SELECT gbId FROM game_guild_avatar WHERE guildUUID=4078610036485390337.
   DEBUG      dbmgr01 1001 400001  [2025-09-02 15:58:40 777] - Dbmgr::DBTaskExecuteRawDatabaseCommand::presentMainThread: SELECT gbId FROM game_guild_avatar WHERE guildUUID=4078610036485390337.
   DEBUG      dbmgr01 1001 400001  [2025-09-02 15:59:40 777] - Dbmgr::DBTaskExecuteRawDatabaseCommand::presentMainThread: SELECT gbId FROM game_guild_avatar WHERE guildUUID=4078610036485390337.
   DEBUG      dbmgr01 1001 400001  [2025-09-02 16:00:40 778] - Dbmgr::DBTaskExecuteRawDatabaseCommand::presentMainThread: SELECT gbId FROM game_guild_avatar WHERE guildUUID=4078610036485390337.
   DEBUG      dbmgr01 1001 400001  [2025-09-02 16:01:40 778] - Dbmgr::DBTaskExecuteRawDatabaseCommand::presentMainThread: SELECT gbId FROM game_guild_avatar WHERE guildUUID=4078610036485390337.
   DEBUG      dbmgr01 1001 400001  [2025-09-02 16:02:40 779] - Dbmgr::DBTaskExecuteRawDatabaseCommand::presentMainThread: SELECT gbId FROM game_guild_avatar WHERE guildUUID=4078610036485390337.
   DEBUG      dbmgr01 1001 400001  [2025-09-02 16:03:40 779] - Dbmgr::DBTaskExecuteRawDatabaseCommand::presentMainThread: SELECT gbId FROM game_guild_avatar WHERE guildUUID=4078610036485390337.
   DEBUG      dbmgr01 1001 400001  [2025-09-02 16:04:40 780] - Dbmgr::DBTaskExecuteRawDatabaseCommand::presentMainThread: SELECT gbId FROM game_guild_avatar WHERE guildUUID=4078610036485390337.
   DEBUG      dbmgr01 1001 400001  [2025-09-02 16:05:40 780] - Dbmgr::DBTaskExecuteRawDatabaseCommand::presentMainThread: SELECT gbId FROM game_guild_avatar WHERE guildUUID=4078610036485390337.
   DEBUG      dbmgr01 1001 400001  [2025-09-02 16:06:40 780] - Dbmgr::DBTaskExecuteRawDatabaseCommand::presentMainThread: SELECT gbId FROM game_guild_avatar WHERE guildUUID=4078610036485390337.
   DEBUG      dbmgr01 1001 400001  [2025-09-02 16:07:40 781] - Dbmgr::DBTaskExecuteRawDatabaseCommand::presentMainThread: SELECT gbId FROM game_guild_avatar WHERE guildUUID=4078610036485390337.
   DEBUG      dbmgr01 1001 400001  [2025-09-02 16:08:13 280] - Dbmgr::DBTaskServerLog()
   DEBUG      dbmgr01 1001 400001  [2025-09-02 16:08:40 781] - Dbmgr::DBTaskExecuteRawDatabaseCommand::presentMainThread: SELECT gbId FROM game_guild_avatar WHERE guildUUID=4078610036485390337.
   DEBUG      dbmgr01 1001 400001  [2025-09-02 16:09:40 780] - Dbmgr::DBTaskExecuteRawDatabaseCommand::presentMainThread: SELECT gbId FROM game_guild_avatar WHERE guildUUID=4078610036485390337.
   DEBUG      dbmgr01 1001 400001  [2025-09-02 16:10:40 781] - Dbmgr::DBTaskExecuteRawDatabaseCommand::presentMainThread: SELECT gbId FROM game_guild_avatar WHERE guildUUID=4078610036485390337.
   DEBUG      dbmgr01 1001 400001  [2025-09-02 16:11:40 781] - Dbmgr::DBTaskExecuteRawDatabaseCommand::presentMainThread: SELECT gbId FROM game_guild_avatar WHERE guildUUID=4078610036485390337.
   DEBUG      dbmgr01 1001 400001  [2025-09-02 16:12:40 781] - Dbmgr::DBTaskExecuteRawDatabaseCommand::presentMainThread: SELECT gbId FROM game_guild_avatar WHERE guildUUID=4078610036485390337.
   DEBUG      dbmgr01 1001 400001  [2025-09-02 16:13:40 782] - Dbmgr::DBTaskExecuteRawDatabaseCommand::presentMainThread: SELECT gbId FROM game_guild_avatar WHERE guildUUID=4078610036485390337.
   DEBUG      dbmgr01 1001 400001  [2025-09-02 16:14:40 781] - Dbmgr::DBTaskExecuteRawDatabaseCommand::presentMainThread: SELECT gbId FROM game_guild_avatar WHERE guildUUID=4078610036485390337.
   DEBUG      dbmgr01 1001 400001  [2025-09-02 16:15:40 782] - Dbmgr::DBTaskExecuteRawDatabaseCommand::presentMainThread: SELECT gbId FROM game_guild_avatar WHERE guildUUID=4078610036485390337.
   DEBUG      dbmgr01 1001 400001  [2025-09-02 16:16:40 781] - Dbmgr::DBTaskExecuteRawDatabaseCommand::presentMainThread: SELECT gbId FROM game_guild_avatar WHERE guildUUID=4078610036485390337.
   DEBUG      dbmgr01 1001 400001  [2025-09-02 16:17:40 782] - Dbmgr::DBTaskExecuteRawDatabaseCommand::presentMainThread: SELECT gbId FROM game_guild_avatar WHERE guildUUID=4078610036485390337.
   DEBUG      dbmgr01 1001 400001  [2025-09-02 16:18:40 781] - Dbmgr::DBTaskExecuteRawDatabaseCommand::presentMainThread: SELECT gbId FROM game_guild_avatar WHERE guildUUID=4078610036485390337.
   DEBUG      dbmgr01 1001 400001  [2025-09-02 16:19:40 781] - Dbmgr::DBTaskExecuteRawDatabaseCommand::presentMainThread: SELECT gbId FROM game_guild_avatar WHERE guildUUID=4078610036485390337.
   DEBUG      dbmgr01 1001 400001  [2025-09-02 16:20:40 782] - Dbmgr::DBTaskExecuteRawDatabaseCommand::presentMainThread: SELECT gbId FROM game_guild_avatar WHERE guildUUID=4078610036485390337.
   DEBUG      dbmgr01 1001 400001  [2025-09-02 16:21:40 781] - Dbmgr::DBTaskExecuteRawDatabaseCommand::presentMainThread: SELECT gbId FROM game_guild_avatar WHERE guildUUID=4078610036485390337.
   DEBUG      dbmgr01 1001 400001  [2025-09-02 16:22:40 781] - Dbmgr::DBTaskExecuteRawDatabaseCommand::presentMainThread: SELECT gbId FROM game_guild_avatar WHERE guildUUID=4078610036485390337.
   DEBUG      dbmgr01 1001 400001  [2025-09-02 16:23:40 781] - Dbmgr::DBTaskExecuteRawDatabaseCommand::presentMainThread: SELECT gbId FROM game_guild_avatar WHERE guildUUID=4078610036485390337.
   DEBUG      dbmgr01 1001 400001  [2025-09-02 16:24:40 781] - Dbmgr::DBTaskExecuteRawDatabaseCommand::presentMainThread: SELECT gbId FROM game_guild_avatar WHERE guildUUID=4078610036485390337.
   DEBUG      dbmgr01 1001 400001  [2025-09-02 16:25:40 781] - Dbmgr::DBTaskExecuteRawDatabaseCommand::presentMainThread: SELECT gbId FROM game_guild_avatar WHERE guildUUID=4078610036485390337.
   DEBUG      dbmgr01 1001 400001  [2025-09-02 16:26:40 782] - Dbmgr::DBTaskExecuteRawDatabaseCommand::presentMainThread: SELECT gbId FROM game_guild_avatar WHERE guildUUID=4078610036485390337.
   DEBUG      dbmgr01 1001 400001  [2025-09-02 16:27:40 781] - Dbmgr::DBTaskExecuteRawDatabaseCommand::presentMainThread: SELECT gbId FROM game_guild_avatar WHERE guildUUID=4078610036485390337.
   DEBUG      dbmgr01 1001 400001  [2025-09-02 16:28:40 781] - Dbmgr::DBTaskExecuteRawDatabaseCommand::presentMainThread: SELECT gbId FROM game_guild_avatar WHERE guildUUID=4078610036485390337.
   DEBUG      dbmgr01 1001 400001  [2025-09-02 16:29:40 781] - Dbmgr::DBTaskExecuteRawDatabaseCommand::presentMainThread: SELECT gbId FROM game_guild_avatar WHERE guildUUID=4078610036485390337.
   DEBUG      dbmgr01 1001 400001  [2025-09-02 16:30:40 782] - Dbmgr::DBTaskExecuteRawDatabaseCommand::presentMainThread: SELECT gbId FROM game_guild_avatar WHERE guildUUID=4078610036485390337.
   DEBUG      dbmgr01 1001 400001  [2025-09-02 16:31:40 781] - Dbmgr::DBTaskExecuteRawDatabaseCommand::presentMainThread: SELECT gbId FROM game_guild_avatar WHERE guildUUID=4078610036485390337.
   DEBUG      dbmgr01 1001 400001  [2025-09-02 16:32:40 781] - Dbmgr::DBTaskExecuteRawDatabaseCommand::presentMainThread: SELECT gbId FROM game_guild_avatar WHERE guildUUID=4078610036485390337.
   DEBUG      dbmgr01 1001 400001  [2025-09-02 16:33:40 781] - Dbmgr::DBTaskExecuteRawDatabaseCommand::presentMainThread: SELECT gbId FROM game_guild_avatar WHERE guildUUID=4078610036485390337.
   DEBUG      dbmgr01 1001 400001  [2025-09-02 16:34:40 781] - Dbmgr::DBTaskExecuteRawDatabaseCommand::presentMainThread: SELECT gbId FROM game_guild_avatar WHERE guildUUID=4078610036485390337.
   DEBUG      dbmgr01 1001 400001  [2025-09-02 16:35:40 780] - Dbmgr::DBTaskExecuteRawDatabaseCommand::presentMainThread: SELECT gbId FROM game_guild_avatar WHERE guildUUID=4078610036485390337.
   DEBUG      dbmgr01 1001 400001  [2025-09-02 16:36:40 779] - Dbmgr::DBTaskExecuteRawDatabaseCommand::presentMainThread: SELECT gbId FROM game_guild_avatar WHERE guildUUID=4078610036485390337.
   DEBUG      dbmgr01 1001 400001  [2025-09-02 16:37:40 779] - Dbmgr::DBTaskExecuteRawDatabaseCommand::presentMainThread: SELECT gbId FROM game_guild_avatar WHERE guildUUID=4078610036485390337.
   DEBUG      dbmgr01 1001 400001  [2025-09-02 16:38:40 779] - Dbmgr::DBTaskExecuteRawDatabaseCommand::presentMainThread: SELECT gbId FROM game_guild_avatar WHERE guildUUID=4078610036485390337.
   DEBUG      dbmgr01 1001 400001  [2025-09-02 16:39:40 778] - Dbmgr::DBTaskExecuteRawDatabaseCommand::presentMainThread: SELECT gbId FROM game_guild_avatar WHERE guildUUID=4078610036485390337.
   DEBUG      dbmgr01 1001 400001  [2025-09-02 16:40:40 778] - Dbmgr::DBTaskExecuteRawDatabaseCommand::presentMainThread: SELECT gbId FROM game_guild_avatar WHERE guildUUID=4078610036485390337.
   DEBUG      dbmgr01 1001 400001  [2025-09-02 16:41:40 778] - Dbmgr::DBTaskExecuteRawDatabaseCommand::presentMainThread: SELECT gbId FROM game_guild_avatar WHERE guildUUID=4078610036485390337.
   DEBUG      dbmgr01 1001 400001  [2025-09-02 16:42:40 778] - Dbmgr::DBTaskExecuteRawDatabaseCommand::presentMainThread: SELECT gbId FROM game_guild_avatar WHERE guildUUID=4078610036485390337.
   DEBUG      dbmgr01 1001 400001  [2025-09-02 16:43:40 778] - Dbmgr::DBTaskExecuteRawDatabaseCommand::presentMainThread: SELECT gbId FROM game_guild_avatar WHERE guildUUID=4078610036485390337.
   DEBUG      dbmgr01 1001 400001  [2025-09-02 16:44:40 778] - Dbmgr::DBTaskExecuteRawDatabaseCommand::presentMainThread: SELECT gbId FROM game_guild_avatar WHERE guildUUID=4078610036485390337.
   DEBUG      dbmgr01 1001 400001  [2025-09-02 16:45:40 777] - Dbmgr::DBTaskExecuteRawDatabaseCommand::presentMainThread: SELECT gbId FROM game_guild_avatar WHERE guildUUID=4078610036485390337.
   DEBUG      dbmgr01 1001 400001  [2025-09-02 16:46:40 777] - Dbmgr::DBTaskExecuteRawDatabaseCommand::presentMainThread: SELECT gbId FROM game_guild_avatar WHERE guildUUID=4078610036485390337.
   DEBUG      dbmgr01 1001 400001  [2025-09-02 16:47:40 776] - Dbmgr::DBTaskExecuteRawDatabaseCommand::presentMainThread: SELECT gbId FROM game_guild_avatar WHERE guildUUID=4078610036485390337.
   DEBUG      dbmgr01 1001 400001  [2025-09-02 16:48:40 777] - Dbmgr::DBTaskExecuteRawDatabaseCommand::presentMainThread: SELECT gbId FROM game_guild_avatar WHERE guildUUID=4078610036485390337.
   DEBUG      dbmgr01 1001 400001  [2025-09-02 16:49:40 777] - Dbmgr::DBTaskExecuteRawDatabaseCommand::presentMainThread: SELECT gbId FROM game_guild_avatar WHERE guildUUID=4078610036485390337.
   DEBUG      dbmgr01 1001 400001  [2025-09-02 16:50:40 776] - Dbmgr::DBTaskExecuteRawDatabaseCommand::presentMainThread: SELECT gbId FROM game_guild_avatar WHERE guildUUID=4078610036485390337.
   DEBUG      dbmgr01 1001 400001  [2025-09-02 16:51:40 776] - Dbmgr::DBTaskExecuteRawDatabaseCommand::presentMainThread: SELECT gbId FROM game_guild_avatar WHERE guildUUID=4078610036485390337.
   DEBUG      dbmgr01 1001 400001  [2025-09-02 16:52:40 777] - Dbmgr::DBTaskExecuteRawDatabaseCommand::presentMainThread: SELECT gbId FROM game_guild_avatar WHERE guildUUID=4078610036485390337.
   DEBUG      dbmgr01 1001 400001  [2025-09-02 16:53:40 776] - Dbmgr::DBTaskExecuteRawDatabaseCommand::presentMainThread: SELECT gbId FROM game_guild_avatar WHERE guildUUID=4078610036485390337.
   DEBUG      dbmgr01 1001 400001  [2025-09-02 16:54:40 776] - Dbmgr::DBTaskExecuteRawDatabaseCommand::presentMainThread: SELECT gbId FROM game_guild_avatar WHERE guildUUID=4078610036485390337.
   DEBUG      dbmgr01 1001 400001  [2025-09-02 16:55:40 776] - Dbmgr::DBTaskExecuteRawDatabaseCommand::presentMainThread: SELECT gbId FROM game_guild_avatar WHERE guildUUID=4078610036485390337.
   DEBUG      dbmgr01 1001 400001  [2025-09-02 16:56:40 775] - Dbmgr::DBTaskExecuteRawDatabaseCommand::presentMainThread: SELECT gbId FROM game_guild_avatar WHERE guildUUID=4078610036485390337.
   DEBUG      dbmgr01 1001 400001  [2025-09-02 16:57:40 776] - Dbmgr::DBTaskExecuteRawDatabaseCommand::presentMainThread: SELECT gbId FROM game_guild_avatar WHERE guildUUID=4078610036485390337.
   DEBUG      dbmgr01 1001 400001  [2025-09-02 16:58:40 775] - Dbmgr::DBTaskExecuteRawDatabaseCommand::presentMainThread: SELECT gbId FROM game_guild_avatar WHERE guildUUID=4078610036485390337.
   DEBUG      dbmgr01 1001 400001  [2025-09-02 16:59:40 775] - Dbmgr::DBTaskExecuteRawDatabaseCommand::presentMainThread: SELECT gbId FROM game_guild_avatar WHERE guildUUID=4078610036485390337.
   DEBUG      dbmgr01 1001 400001  [2025-09-02 17:00:40 775] - Dbmgr::DBTaskExecuteRawDatabaseCommand::presentMainThread: SELECT gbId FROM game_guild_avatar WHERE guildUUID=4078610036485390337.
   DEBUG      dbmgr01 1001 400001  [2025-09-02 17:01:40 775] - Dbmgr::DBTaskExecuteRawDatabaseCommand::presentMainThread: SELECT gbId FROM game_guild_avatar WHERE guildUUID=4078610036485390337.
   DEBUG      dbmgr01 1001 400001  [2025-09-02 17:02:40 775] - Dbmgr::DBTaskExecuteRawDatabaseCommand::presentMainThread: SELECT gbId FROM game_guild_avatar WHERE guildUUID=4078610036485390337.
   DEBUG      dbmgr01 1001 400001  [2025-09-02 17:03:40 775] - Dbmgr::DBTaskExecuteRawDatabaseCommand::presentMainThread: SELECT gbId FROM game_guild_avatar WHERE guildUUID=4078610036485390337.
   DEBUG      dbmgr01 1001 400001  [2025-09-02 17:04:40 775] - Dbmgr::DBTaskExecuteRawDatabaseCommand::presentMainThread: SELECT gbId FROM game_guild_avatar WHERE guildUUID=4078610036485390337.
   DEBUG      dbmgr01 1001 400001  [2025-09-02 17:05:40 775] - Dbmgr::DBTaskExecuteRawDatabaseCommand::presentMainThread: SELECT gbId FROM game_guild_avatar WHERE guildUUID=4078610036485390337.
   DEBUG      dbmgr01 1001 400001  [2025-09-02 17:06:40 774] - Dbmgr::DBTaskExecuteRawDatabaseCommand::presentMainThread: SELECT gbId FROM game_guild_avatar WHERE guildUUID=4078610036485390337.
   DEBUG      dbmgr01 1001 400001  [2025-09-02 17:07:40 774] - Dbmgr::DBTaskExecuteRawDatabaseCommand::presentMainThread: SELECT gbId FROM game_guild_avatar WHERE guildUUID=4078610036485390337.
   DEBUG      dbmgr01 1001 400001  [2025-09-02 17:08:13 275] - Dbmgr::DBTaskServerLog()
   DEBUG      dbmgr01 1001 400001  [2025-09-02 17:08:40 774] - Dbmgr::DBTaskExecuteRawDatabaseCommand::presentMainThread: SELECT gbId FROM game_guild_avatar WHERE guildUUID=4078610036485390337.
   DEBUG      dbmgr01 1001 400001  [2025-09-02 17:09:40 773] - Dbmgr::DBTaskExecuteRawDatabaseCommand::presentMainThread: SELECT gbId FROM game_guild_avatar WHERE guildUUID=4078610036485390337.
   DEBUG      dbmgr01 1001 400001  [2025-09-02 17:10:40 773] - Dbmgr::DBTaskExecuteRawDatabaseCommand::presentMainThread: SELECT gbId FROM game_guild_avatar WHERE guildUUID=4078610036485390337.
   DEBUG      dbmgr01 1001 400001  [2025-09-02 17:11:40 773] - Dbmgr::DBTaskExecuteRawDatabaseCommand::presentMainThread: SELECT gbId FROM game_guild_avatar WHERE guildUUID=4078610036485390337.
   DEBUG      dbmgr01 1001 400001  [2025-09-02 17:12:40 773] - Dbmgr::DBTaskExecuteRawDatabaseCommand::presentMainThread: SELECT gbId FROM game_guild_avatar WHERE guildUUID=4078610036485390337.
   DEBUG      dbmgr01 1001 400001  [2025-09-02 17:13:40 773] - Dbmgr::DBTaskExecuteRawDatabaseCommand::presentMainThread: SELECT gbId FROM game_guild_avatar WHERE guildUUID=4078610036485390337.
   DEBUG      dbmgr01 1001 400001  [2025-09-02 17:14:40 772] - Dbmgr::DBTaskExecuteRawDatabaseCommand::presentMainThread: SELECT gbId FROM game_guild_avatar WHERE guildUUID=4078610036485390337.
   DEBUG      dbmgr01 1001 400001  [2025-09-02 17:15:06 092] - Dbmgr::DBTaskExecuteRawDatabaseCommand::presentMainThread: select sm_isDelete from tbl_Account WHERE id = (select entityDBID from kbe_accountinfos where accountName = '1:ztq1').
   DEBUG      dbmgr01 1001 400001  [2025-09-02 17:15:06 112] - Dbmgr::DBTaskExecuteRawDatabaseCommand::presentMainThread: select id from game_login_white_list where accountName='ztq1'.
    INFO      dbmgr01 1001 400001  [2025-09-02 17:15:06 294] - InterfacesHandler_Interfaces::onLoginAccountCB: 1:ztq1 1:ztq1 0
   DEBUG      dbmgr01 1001 400001  [2025-09-02 17:15:06 313] - Dbmgr::onAccountLogin:loginName=1:ztq1, accountName=1:ztq1, success=0, componentID=0, entityID=0, dbid=10, flags=0, deadline=0.
   DEBUG      dbmgr01 1001 400001  [2025-09-02 17:15:06 413] - Dbmgr::queryAccount: 1:ztq1, success=true, flags=0, deadline=0.
   DEBUG      dbmgr01 1001 400001  [2025-09-02 17:15:06 432] - Dbmgr::DBTaskExecuteRawDatabaseCommand::presentMainThread: select id, sm_gbID, sm_birthInDB, sm_school, sm_sex, sm_level, sm_appearance_weapon, sm_appearance_breast, sm_appearance_faceData_suitId,sm_appearance_faceData_hairIdFaceId, sm_appearance_faceData_hairColorIdSkinColorId, sm_appearance_outfitData_hairId, sm_appearance_outfitData_clothesId, sm_appearance_outfitData_picFrameId, sm_appearance_outfitData_wingId, sm_appearance_outfitData_mountId from tbl_Avatar where sm_gbID in (5693444799089082369,5693445009441816577,5693445609864822785,5693447138235645953).
   DEBUG      dbmgr01 1001 400001  [2025-09-02 17:15:06 452] - Dbmgr::DBTaskExecuteRawDatabaseCommand::presentMainThread: select parentID, sm_outfitType, sm_outfitId, sm_expireTime from tbl_Avatar_outfitInfo_outfitList where parentID in (44,61,66,103).
   DEBUG      dbmgr01 1001 400001  [2025-09-02 17:15:06 472] - Dbmgr::DBTaskExecuteRawDatabaseCommand::presentMainThread: select dbid from game_switch_server where account="1:ztq1".
   DEBUG      dbmgr01 1001 400001  [2025-09-02 17:15:06 493] - Dbmgr::DBTaskExecuteRawDatabaseCommand::presentMainThread: delete from game_switch_server where account="1:ztq1".
   DEBUG      dbmgr01 1001 400001  [2025-09-02 17:15:06 673] - Dbmgr::DBTaskExecuteRawDatabaseCommand::presentMainThread: SELECT sm_totalScore, sm_spaceNo FROM tbl_Avatar WHERE sm_gbID=5693444799089082369.
   DEBUG      dbmgr01 1001 400001  [2025-09-02 17:15:06 692] - Dbmgr::DBTaskExecuteRawDatabaseCommand::presentMainThread: select guildUUID from game_guild_avatar where gbId=5693444799089082369.
   DEBUG      dbmgr01 1001 400001  [2025-09-02 17:15:07 832] - Dbmgr::DBTaskQueryEntity: Avatar, dbid=44, entityID=2051, wasActive=false, queryMode=0, componentID=700002, success=true.
   DEBUG      dbmgr01 1001 400001  [2025-09-02 17:15:07 873] - Dbmgr::DBTaskExecuteRawDatabaseCommand::presentMainThread: CALL gamesp_load_account_mails('ztq1',1,5693444799089082369).
   DEBUG      dbmgr01 1001 400001  [2025-09-02 17:15:07 873] - Dbmgr::DBTaskExecuteRawDatabaseCommand::presentMainThread: 
select bGbId from game_friends where sGbId=5693444799089082369
union all
select sGbId from game_friends where bGbId=5693444799089082369.
   DEBUG      dbmgr01 1001 400001  [2025-09-02 17:15:07 873] - Dbmgr::DBTaskExecuteRawDatabaseCommand::presentMainThread: SELECT `id`, `callbackName`, hex(`args`) FROM `game_avatar_offline_callbacks` where gbId=5693444799089082369 order by id limit 2000.
   DEBUG      dbmgr01 1001 400001  [2025-09-02 17:15:07 873] - Dbmgr::DBTaskExecuteRawDatabaseCommand::presentMainThread: select guildUUID from game_guild_avatar where gbId=5693444799089082369.
   DEBUG      dbmgr01 1001 400001  [2025-09-02 17:15:07 892] - Dbmgr::DBTaskExecuteRawDatabaseCommand::presentMainThread: CALL gamesp_load_last_global_mail_info(5693444799089082369,0).
   DEBUG      dbmgr01 1001 400001  [2025-09-02 17:15:07 913] - Dbmgr::DBTaskExecuteRawDatabaseCommand::presentMainThread: SELECT toGBID,mailId,mailGBID,globalMailGBID,readStat,createTime,expiredTime,fromGBID,attach,attachStat,despArgs,title,cont, opUUID,srcType,srcSubType,desp,idipSource FROM game_player_mails WHERE toGBID=5693444799089082369 and createTime>=0 ORDER BY createTime DESC limit 140.
   DEBUG      dbmgr01 1001 400001  [2025-09-02 17:15:40 773] - Dbmgr::DBTaskExecuteRawDatabaseCommand::presentMainThread: SELECT gbId FROM game_guild_avatar WHERE guildUUID=4078610036485390337.
   DEBUG      dbmgr01 1001 400001  [2025-09-02 17:16:40 772] - Dbmgr::DBTaskExecuteRawDatabaseCommand::presentMainThread: SELECT gbId FROM game_guild_avatar WHERE guildUUID=4078610036485390337.
   DEBUG      dbmgr01 1001 400001  [2025-09-02 17:17:40 772] - Dbmgr::DBTaskExecuteRawDatabaseCommand::presentMainThread: SELECT gbId FROM game_guild_avatar WHERE guildUUID=4078610036485390337.
   DEBUG      dbmgr01 1001 400001  [2025-09-02 17:18:40 771] - Dbmgr::DBTaskExecuteRawDatabaseCommand::presentMainThread: SELECT gbId FROM game_guild_avatar WHERE guildUUID=4078610036485390337.
   DEBUG      dbmgr01 1001 400001  [2025-09-02 17:19:40 771] - Dbmgr::DBTaskExecuteRawDatabaseCommand::presentMainThread: SELECT gbId FROM game_guild_avatar WHERE guildUUID=4078610036485390337.
   DEBUG      dbmgr01 1001 400001  [2025-09-02 17:20:40 772] - Dbmgr::DBTaskExecuteRawDatabaseCommand::presentMainThread: SELECT gbId FROM game_guild_avatar WHERE guildUUID=4078610036485390337.
   DEBUG      dbmgr01 1001 400001  [2025-09-02 17:21:40 771] - Dbmgr::DBTaskExecuteRawDatabaseCommand::presentMainThread: SELECT gbId FROM game_guild_avatar WHERE guildUUID=4078610036485390337.
   DEBUG      dbmgr01 1001 400001  [2025-09-02 17:22:03 471] - Dbmgr::writeEntity: Account(10).
   DEBUG      dbmgr01 1001 400001  [2025-09-02 17:22:40 771] - Dbmgr::DBTaskExecuteRawDatabaseCommand::presentMainThread: SELECT gbId FROM game_guild_avatar WHERE guildUUID=4078610036485390337.
   DEBUG      dbmgr01 1001 400001  [2025-09-02 17:23:18 490] - Dbmgr::writeEntity: Avatar(44).
   DEBUG      dbmgr01 1001 400001  [2025-09-02 17:23:40 771] - Dbmgr::DBTaskExecuteRawDatabaseCommand::presentMainThread: SELECT gbId FROM game_guild_avatar WHERE guildUUID=4078610036485390337.
   DEBUG      dbmgr01 1001 400001  [2025-09-02 17:24:40 770] - Dbmgr::DBTaskExecuteRawDatabaseCommand::presentMainThread: SELECT gbId FROM game_guild_avatar WHERE guildUUID=4078610036485390337.
   DEBUG      dbmgr01 1001 400001  [2025-09-02 17:25:40 770] - Dbmgr::DBTaskExecuteRawDatabaseCommand::presentMainThread: SELECT gbId FROM game_guild_avatar WHERE guildUUID=4078610036485390337.
   DEBUG      dbmgr01 1001 400001  [2025-09-02 17:26:40 770] - Dbmgr::DBTaskExecuteRawDatabaseCommand::presentMainThread: SELECT gbId FROM game_guild_avatar WHERE guildUUID=4078610036485390337.
   DEBUG      dbmgr01 1001 400001  [2025-09-02 17:27:40 770] - Dbmgr::DBTaskExecuteRawDatabaseCommand::presentMainThread: SELECT gbId FROM game_guild_avatar WHERE guildUUID=4078610036485390337.
   DEBUG      dbmgr01 1001 400001  [2025-09-02 17:28:40 771] - Dbmgr::DBTaskExecuteRawDatabaseCommand::presentMainThread: SELECT gbId FROM game_guild_avatar WHERE guildUUID=4078610036485390337.
   DEBUG      dbmgr01 1001 400001  [2025-09-02 17:29:40 769] - Dbmgr::DBTaskExecuteRawDatabaseCommand::presentMainThread: SELECT gbId FROM game_guild_avatar WHERE guildUUID=4078610036485390337.
   DEBUG      dbmgr01 1001 400001  [2025-09-02 17:30:40 770] - Dbmgr::DBTaskExecuteRawDatabaseCommand::presentMainThread: SELECT gbId FROM game_guild_avatar WHERE guildUUID=4078610036485390337.
   DEBUG      dbmgr01 1001 400001  [2025-09-02 17:30:48 510] - Dbmgr::writeEntity: Avatar(44).
   DEBUG      dbmgr01 1001 400001  [2025-09-02 17:31:40 770] - Dbmgr::DBTaskExecuteRawDatabaseCommand::presentMainThread: SELECT gbId FROM game_guild_avatar WHERE guildUUID=4078610036485390337.
   DEBUG      dbmgr01 1001 400001  [2025-09-02 17:32:40 770] - Dbmgr::DBTaskExecuteRawDatabaseCommand::presentMainThread: SELECT gbId FROM game_guild_avatar WHERE guildUUID=4078610036485390337.
   DEBUG      dbmgr01 1001 400001  [2025-09-02 17:33:40 770] - Dbmgr::DBTaskExecuteRawDatabaseCommand::presentMainThread: SELECT gbId FROM game_guild_avatar WHERE guildUUID=4078610036485390337.
   DEBUG      dbmgr01 1001 400001  [2025-09-02 17:34:40 769] - Dbmgr::DBTaskExecuteRawDatabaseCommand::presentMainThread: SELECT gbId FROM game_guild_avatar WHERE guildUUID=4078610036485390337.
   DEBUG      dbmgr01 1001 400001  [2025-09-02 17:35:40 769] - Dbmgr::DBTaskExecuteRawDatabaseCommand::presentMainThread: SELECT gbId FROM game_guild_avatar WHERE guildUUID=4078610036485390337.
   DEBUG      dbmgr01 1001 400001  [2025-09-02 17:36:40 768] - Dbmgr::DBTaskExecuteRawDatabaseCommand::presentMainThread: SELECT gbId FROM game_guild_avatar WHERE guildUUID=4078610036485390337.
   DEBUG      dbmgr01 1001 400001  [2025-09-02 17:37:40 769] - Dbmgr::DBTaskExecuteRawDatabaseCommand::presentMainThread: SELECT gbId FROM game_guild_avatar WHERE guildUUID=4078610036485390337.
   DEBUG      dbmgr01 1001 400001  [2025-09-02 17:38:40 768] - Dbmgr::DBTaskExecuteRawDatabaseCommand::presentMainThread: SELECT gbId FROM game_guild_avatar WHERE guildUUID=4078610036485390337.
   DEBUG      dbmgr01 1001 400001  [2025-09-02 17:39:40 768] - Dbmgr::DBTaskExecuteRawDatabaseCommand::presentMainThread: SELECT gbId FROM game_guild_avatar WHERE guildUUID=4078610036485390337.
   DEBUG      dbmgr01 1001 400001  [2025-09-02 17:40:40 768] - Dbmgr::DBTaskExecuteRawDatabaseCommand::presentMainThread: SELECT gbId FROM game_guild_avatar WHERE guildUUID=4078610036485390337.
   DEBUG      dbmgr01 1001 400001  [2025-09-02 17:41:40 769] - Dbmgr::DBTaskExecuteRawDatabaseCommand::presentMainThread: SELECT gbId FROM game_guild_avatar WHERE guildUUID=4078610036485390337.
   DEBUG      dbmgr01 1001 400001  [2025-09-02 17:42:40 769] - Dbmgr::DBTaskExecuteRawDatabaseCommand::presentMainThread: SELECT gbId FROM game_guild_avatar WHERE guildUUID=4078610036485390337.
   DEBUG      dbmgr01 1001 400001  [2025-09-02 17:43:40 769] - Dbmgr::DBTaskExecuteRawDatabaseCommand::presentMainThread: SELECT gbId FROM game_guild_avatar WHERE guildUUID=4078610036485390337.
   DEBUG      dbmgr01 1001 400001  [2025-09-02 17:44:40 770] - Dbmgr::DBTaskExecuteRawDatabaseCommand::presentMainThread: SELECT gbId FROM game_guild_avatar WHERE guildUUID=4078610036485390337.
   DEBUG      dbmgr01 1001 400001  [2025-09-02 17:45:40 770] - Dbmgr::DBTaskExecuteRawDatabaseCommand::presentMainThread: SELECT gbId FROM game_guild_avatar WHERE guildUUID=4078610036485390337.
